优雅龙井,春来优雅出神花	龙井飞香入万家	一碗清茶迎贵客	酸甜苦辣味无涯,春来优雅出神花	龙井飞香入万家	五谷丰登人有味	三餐淡泊品无茶,曾经龙井几人家	今日相逢一碗茶	优雅不知何处去	酸甜苦辣味中加,清风吹送一杯茶	优雅心香满地花	五味尝来情意重	不知龙井几人家,春风有意味无邪	优雅花香遍地发	半盏清茶一壶酒	笑看龙井几人家,春来优雅出神花	夏至清幽品味佳	龙井香醇甜似蜜	粗茶淡饭润桑麻,清风吹送一杯茶	龙井飞香到我家	优雅精神人不老	酸甜苦辣味长加,春风有意味无邪	龙井新芽绿未发	优雅花香人欲醉	一壶美酒与君茶,春来优雅出神花	雪化冰消润物茶	龙井清香滋肺腑	虎丘奇味沁心脾,曾经龙井几人家	今日相逢一碗茶	世味酸甜尝不尽	诗词优雅乐无涯,清风吹送一杯茶	酒味酸甜各自夸	优雅诗词无限意	不知龙井几人家,春风有意味无邪	优雅花香遍地发	龙井不知何处去	一杯美酒与君茶,曾经龙井几人家	优雅风流不可夸	一碗粗茶三盏酒	酸甜苦辣味无涯,清风吹送一杯茶	龙井飞香到我家	五味精神何处觅	诗词优雅乐无涯,春风有意味无邪	绿水青山一盏茶	龙井不知何处去	此间优雅是谁家,春来优雅出神花	雪化冰消润物茶	五味调匀滋肺腑	三分龙井吐芳华,曾经龙井几人家	此味何尝到海涯	一碗粗茶聊自适	三分优雅且开花,清风吹送一杯茶	酒味酸甜各自夸	龙井不知何处去	人间优雅是诗家,春来优雅出神花	龙井飞香入万家	一碗清茶迎贵客	酸甜苦辣味无涯,曾经龙井几人家	优雅风流不可夸	世味酸甜何足道	粗茶淡饭自开花
醇美龙井,清醇一盏到山家	美酒佳肴逐日华	龙井飞香频送爽	虎溪流韵慢烹茶,清醇一盏到山家	美酒佳肴逐日华	淡饭粗茶随意趣	甘泉龙井伴桃花,松风竹韵美无涯	龙井飞香入万家	酒饮千杯醇不尽	清茶一盏品年华,山中龙井几人家	酒冽醇香满路赊	一碗粗茶心意爽	三杯美味口齿嘉,门前流水细烹茶	酒冽醇香醉万家	龙井沏来新气象	美肴佳酿乐无涯,清醇一盏到山家	漫品人间半碗茶	美酒佳肴酬岁月	甘甜龙井润心花,山中龙井几人家	水美鱼肥一径斜	酒熟便知醇味好	茶凉才觉气香嘉,门前流水细烹茶	酒美诗香醉我家	醇厚佳肴迎客至	甘甜龙井伴星花,清醇一盏到山家	龙井飞香透碧纱	美酒佳肴迎远客	粗茶淡饭育桑麻,美味佳肴入口齿	不知龙井几人醉	粗茶淡饭两相宜	浊酒清醇还有意,山中龙井几人家	溪水潺石径茶	欲饮醇香甜似蜜	品尝美味韵如麻,门前流水细烹茶	酒冽醇香醉万家	美景良辰谁与共	笑看龙井赏桃花,松风竹韵美无涯	酒冽醇香醉万家	龙井清泉滋沃土	虎丘绿草煮新茶,龙井喝了老猪娃	酒香肉嫩味美佳	粗茶淡饭润心肺	酸甜苦辣尽尝它,半盏清茶一片霞	千年龙井几人家	春风不解其中美	醇酒难消此后奢,清醇一盏到山家	龙井飞香透碧纱	煮茗烹茶邀雅客	餐风饮露美无涯,美味佳肴入口齿	粗茶淡饭润心脾	不知龙井何方物	但饮醇醪醉小溪,龙井喝了老猪娃	一人不给半碗茶	香甜美在心头上	醇厚甘于口齿滑,清醇一盏到山家	美酒佳肴逐日华	龙井飞香频送爽	虎溪流韵慢烹茶,松风竹韵美无涯	酒冽醇香醉万家	一盏清茶迎贵客	三杯龙井敬桃花
青春龙井,青春有意化飞花	龙井无心伴彩霞	煮酒烹茶邀旧友	酸甜苦辣味香嘉,青春有意化飞花	龙井无心伴彩霞	世味酸甜尝不尽	人情冷暖品如茶,曾经龙井几人家	今日相逢一碗茶	欲问青春何处去	五湖四海味无涯,粗茶淡饭两相要	老去青春不自知	苦辣酸甜尝一味	今朝龙井又新诗,酸甜苦辣味难消	历尽青春不寂寥	淡饭粗茶何所用	只求龙井享逍遥,青春有意化飞花	苦辣酸甜味自嘉	龙井不知何处去	一壶老酒话桑麻,清风吹送一杯茶	龙井飞香到我家	欲问青春何处去	诗心有意味无涯,清风一缕味无邪	龙井飞香入万家	不与青春争秀色	只求甘露润心茶,青春有意化飞花	苦辣酸甜一盏茶	龙井不知何处去	五湖四海味桑麻,曾经龙井几人家	今日相逢一碗茶	世味酸甜尝不尽	青春作伴到天涯,粗茶淡饭两相要	酸甜苦辣皆有味	青春作伴不蹉跎	龙井喝了老猪嘴,清风一缕味无邪	不与青春竞物华	龙井今宵谁解意	为君留取半杯茶,曾经龙井几人家	今日青春变物华	一碗粗茶聊自适	酸甜苦辣味无暇,清风吹送一杯茶	龙井飞香到我家	五味精神何处觅	青春热血染桃花,清风一缕味无邪	淡饭粗茶未有涯	龙井不知何处去	青春已是到谁家,青春有意情未了	白发无心茶已凉	世味酸甜尝不尽	今朝龙井又何妨,曾经龙井几人家	此味何尝到海涯	一碗粗茶聊自适	青春不改旧年华,清风吹送一杯茶	酒味酸甜各自夸	龙井不知何处去	青春已是满天涯,青春有意化飞花	龙井无心伴彩霞	煮酒烹茶邀旧友	酸甜苦辣味香嘉,曾经龙井几人家	今日青春变物华	五十年来知有味	三千里外问无茶
活力龙井,春风活力柳丝斜	龙井清香透碧纱	一碗粗茶三盏酒	半壶老窖味无涯,春风活力柳丝斜	龙井清香透碧纱	五谷丰登无俗味	一壶美酒有仙茶,曾经龙井几人家	今日相逢一碗茶	活力全凭筋骨健	酸甜苦辣味长加,清风吹送一杯茶	活力全凭众口夸	五味调匀滋肺腑	三分龙井吐芳华,春风有意味无邪	活力全凭众口夸	一碗粗茶三盏酒	千年龙井几人家,春风活力柳丝斜	五味瓶翻满架瓜	龙井不知何处去	一壶老酒煮新茶,清风吹送一杯茶	龙井飞香到我家	活力全凭心气爽	诗情酒味满天涯,春风有意味无邪	龙井新芽绿未发	活力全凭筋骨健	粗茶淡饭自开花,春风活力柳丝斜	绿水青山一盏茶	龙井沏来新气象	鱼鲜味美乐开花,曾经龙井几人家	今日相逢一碗茶	世味酸甜尝不尽	心头活力自开花,清风吹送一杯茶	酒味酸甜各自夸	活力全凭筋骨健	不知龙井几枝花,春风有意味无邪	活力全凭众口夸	龙井不知何处去	一杯浊酒敬如茶,曾经龙井几人家	活力全凭众口夸	一碗粗茶滋肺腑	半壶老酒味酸甜,清风吹送一杯茶	龙井飞香到我家	五味精神何处觅	诗心活力走天涯,春风有意味无邪	绿水青山一盏茶	龙井不知何处去	只因活力在农家,春风活力柳丝斜	绿水青山一盏茶	最爱村头烟雨味	不知龙井几人家,曾经龙井几人家	此味何尝到海涯	一碗粗茶聊自适	半壶活力更堪夸,清风吹送一杯茶	酒味酸甜各自夸	龙井不知何处去	只今活力在谁家,春风活力柳丝斜	龙井清香透碧纱	一碗粗茶三盏酒	半壶老窖味无涯,曾经龙井几人家	活力全凭众口夸	世味酸甜尝不尽	粗茶淡饭自开花
阳光龙井,阳光普照万千家	龙井飞泉润物华	半盏粗茶滋肺腑	一壶老酒味桑麻,阳光普照万千家	龙井飞泉润物华	五谷丰登无俗味	三餐淡泊有粗茶,曾经龙井几人家	今日相逢一碗茶	最是阳光无限好	酸甜苦辣味中加,清风吹送一杯茶	明月阳光照我家	酒入愁肠人有味	不知龙井几时花,春风有意味无邪	一抹阳光到我家	半盏清茶心欲醉	不知龙井几枝花,阳光普照万千家	五谷丰登世味佳	龙井飞泉滋润物	虎丘煮茗品香茶,清风吹送一杯茶	龙井飞香到我家	莫道阳光无好色	诗情画意味尤嘉,春风有意味无邪	龙井新芽绿未发	一抹阳光红似火	半壶老酒煮如茶,阳光普照万千家	冷暖炎凉一碗茶	龙井不知何处去	酸甜苦辣味中加,曾经龙井几人家	今日相逢一碗茶	世味酸甜尝不尽	阳光雨露润桃花,清风吹送一杯茶	酒味酸甜各自夸	最是阳光无限好	不知龙井几人家,春风有意味无邪	一抹阳光到我家	龙井不知何处去	半壶老酒煮新茶,曾经龙井几人家	一抹阳光映晚霞	欲问茶香何处去	谁知此味是莲花,清风吹送一杯茶	龙井飞香到我家	五味精神何处觅	阳光灿烂满天霞,春风有意味无邪	绿水青山一盏茶	龙井不知何处去	阳光依旧照桃花,阳光普照万千家	冷暖炎凉一碗茶	苦辣酸甜尝百味	今朝龙井几人夸,曾经龙井几人家	此味何尝到海涯	一碗粗茶聊自适	阳光又照小窗纱,清风吹送一杯茶	酒味酸甜各自夸	龙井不知何处去	阳光依旧照篱笆,阳光普照万千家	龙井飞泉润物华	半盏粗茶滋肺腑	一壶老酒味桑麻,曾经龙井几人家	一抹阳光映晚霞	世味酸甜尝不尽	粗茶淡饭度年华
纯厚铁观音,春风化雨情怀厚	岁月如梭意气薄	寒来暑往笑相逢	雪落枝头花正俏,春风化雨情怀厚	岁月如梭意气薄	雪拥蓝关马不前	寒侵碧水舟难泊,薄云蔽日雨丝凉	风卷寒帘送暗香	厚意难消心绪乱	新诗欲写雪花狂,寒来暑往两相望	厚意浓情未可量	雪里梅花犹傲骨	风中蕙草薄衣裳,春风化雨雪飞扬	地厚天高万里长	冬去寒来添白发	薄衣难挡暑炎凉,春风化雨情怀厚	梅雪迎霜韵味长	莫道红颜薄命短	寒来暑往自芬芳,寒来暑往两相望	薄雨轻烟共一塘	风卷残荷听叶厚	雪凝枯草叹花殇,春风化雨雪飞扬	薄袄难消泪两行	厚意浓情何处寄	寒来暑往自心伤,春风化雨情怀厚	夏暑驱寒意兴浓	莫怨薄云遮望眼	冰心一片雪中逢,薄云蔽日雨丝凉	风卷寒帘送暗香	雪里梅花开烂漫	冰心一片厚衣裳,寒来暑往两相望	雪落梅开又一春	厚土高风无畏惧	薄衣小袄亦温存,春风化雨雪飞扬	地厚天高万里长	薄雾轻纱呈碧色	寒枝嫩蕊吐芬芳,薄云蔽日雨丝凉	厚土肥田稻草香	夜半寒风催叶落	晨来雪覆满头霜,寒来暑往两相望	薄雨轻烟共一塘	雪里梅花犹未放	风中柳絮厚何狂,春风化雨雪飞扬	玉树琼枝寒未央	薄雾轻纱呈素裹	浓云厚盖覆苍茫,春风化雨情怀厚	夏暑驱寒意兴浓	雪拥蓝关马不停	霜侵白鬓薄如松,薄云蔽日雨丝凉	风卷残花雪覆霜	夜半寒蛩声断续	天高气爽厚衣裳,寒来暑往两相望	雪落梅开又一春	薄雾轻纱遮远道	清风细语厚人心,春风化雨情怀厚	岁月如梭意气薄	寒来暑往笑相逢	雪落枝头花正俏,薄云蔽日雨丝凉	厚土肥田稻草香	雪化冰消春意暖	寒来暑往笑声扬
雅致铁观音,清风雅致酬知己	玉笛悠扬送好音	一曲新词诗万首	江南塞北共君吟,雅致如歌抒意趣	清音似曲荡心弦	吟风弄月情怀远	诗海扬帆又一年,清音入耳传心曲	妙语连珠解意诗	雅致高情歌盛世	吟风弄月正当时,诗风词韵满园春	雅致情怀日月轮	一曲高歌吟盛世	千秋伟业振清音,吟风弄月沐阳春	雅致清新韵味真	诗海遨游凭我意	高山流水有仙音,雅致如歌抒意趣	清吟似酒润心田	高山流水无音去	明月诗风伴我眠,新诗写意酬知己	旧曲含情奏好音	雅致高歌君莫笑	江南塞北共吟春,一曲高歌对月吟	琴弹流水奏清音	闲情雅致何须酒	醉卧诗坛听友临,清风雅致酬知己	明月幽怀寄诗笺	一曲乡音何处觅	轻吟浅唱醉花间,玉指轻弹流水音	诗心不改旧情真	浅吟低唱皆成趣	雅致高歌未入尘,诗风词韵满园春	今日吟坛有几人	雅致高情歌盛世	天涯海角奏清音,一曲高歌对月吟	清风雅致入香尘	音容笑貌今犹在	诗酒情怀梦里人,清音入耳传心曲	雅致临窗听雨声	诗海扬帆追日月	吟坛携手沐春风,我有新诗寄汝心	君无好句赠吾音	吟成千首真情在	雅致何须论古今,一曲高歌对月吟	诗风酒韵入清樽	音容笑貌今犹在	雅致情怀梦里寻,清新雅致出精神	诗到浓时意自真	醉里吟成千首句	梦中谱就几行音,玉指轻弹流水音	清歌浅唱醉花吟	诗心难解相思意	雅致闲情伴月临,我有新诗寄汝心	君无好句慰吾吟	天涯海角音尘隔	雅致风情韵味深,清风雅致酬知己	玉笛悠扬送好音	一曲新词诗万首	江南塞北共君吟,玉指轻弹流水音	清风雅致入瑶琴	浅吟低唱皆成趣	一曲新词醉诗心
清新铁观音,清新暑气未全侵	一曲高歌唱好音	莫道春来无觅处	花前月下是君心,清新荷叶绿如蓝	蛙鼓蝉音奏管弦	蝶舞蜂飞花欲醉	春来何处不江南,西风吹起旧时音	春去秋来两地心	几处清新空寂寞	花前月下共弹琴,东风送暖又逢春	柳绿桃红景色新	鸟语花香迎远客	鱼翔水底戏娇音,花明柳暗又黄昏	草色清新雨后村	欲问春归何处觅	一声短笛已无音,清新荷叶绿如蓝	蝶舞蜂狂花欲仙	蛙鼓蝉鸣音悦耳	春来冬去乐无边,春山草色绿如茵	燕舞莺啼喜好音	风物清新宜放眼	花明柳暗又一村,花团锦簇彩云天	玉露金风好音传	四季清新歌盛世	春来冬去乐无边,清新暑气未全侵	又是一年春好临	几处蛙鸣音绕耳	谁家犬吠夜生花,西风吹起旧时音	春去秋来两地心	花落成泥流水意	清新一梦到如今,东风送暖又逢春	草绿花明欲断魂	喜看清新桃李树	莺啼燕语戏娇音,花团锦簇彩云天	四季清新景色妍	玉露金风音婉转	春回大地乐陶然,西风吹起旧时音	万物清新感悟深	欲问春归何处觅	花前月下几回寻,春山草色绿如茵	燕舞莺啼喜好音	花气熏风人欲醉	清新野菜最怡神,穿花蝶去寻香迹	踏雪人来觅旧春	欲问音容何处是	江南此刻最清新,桃红柳绿又清新	燕舞莺啼四季春	风雨兼程花正好	江南塞北喜迎音,西风吹起旧时音	花落无声泪满襟	欲问春归何处觅	一池碧水月清新,春山草色绿如茵	花气袭人欲断魂	燕子呢喃梁上音	风吹雨打更清新,清新暑气未全侵	一曲高歌唱好音	莫道春来无觅处	花前月下是君心,琴瑟和鸣音绕梁	清新婉转韵悠扬	花前月下吟风雅	春去秋来写沧桑
高远瓜片,高远风光一线悬	神州大片舞翩跹	穿云破雾凌霄汉	万里江天落晚烟,自古风流高远客	今朝大片落红尘	江南烟雨空蒙处	不见当年云外人,长天大片一轮红	云淡风轻落日明	高远楼台何处是	烟波浩渺水连空,云淡风轻月未圆	楼高远望意阑珊	烟笼碧水孤鸿影	露浸黄花大片残,往事如烟过眼前	天涯高远路绵延	穿云破雾终归海	大片飞身到处悬,自古风流高远客	而今烟水老渔家	平生大片何须问	一抹云帆落日斜,云开雾散日初红	大片苍茫一望中	高远风光无限好	烟波江上看渔翁,往事如烟过眼前	天涯大片梦魂牵	登高远眺心潮涌	极目云霄一线悬,高远风光一线悬	穿云破雾上青天	苍茫大片何方去	化作银河落九烟,长天大片一轮红	云淡风轻落日明	烟锁楼台人寂寞	花开高远我心情,云淡风轻碧宇宽	烟波浩渺水连天	渔舟唱晚歌高远	大片扬帆破浪还,往事如烟过眼前	天涯高远路绵延	心中大片何方去	万里云空一线牵,大片飞红又一年	天涯高远共婵娟	穿云破雾凌霄汉	化作清风万里烟,云开雾散日初红	大片苍茫一望中	烟锁江南三两处	楼台高远万千重,烟柳轻摇花影乱	云阶曼舞鸟声频	苍茫大片何方去	高远天涯几度春,高远风光一线悬	穿云破雾上青天	烟笼碧水千帆过	大片苍茫万里川,大片飞来万里天	江南烟雨落人间	云开雾散晴方好	水远山高路更宽,云淡风轻碧宇宽	烟波浩渺水连天	千帆大片归何处	万里长江高远船,高远风光一线悬	神州大片舞翩跹	穿云破雾凌霄汉	万里江天落晚烟,大片飞花过眼前	天涯高远几千年	风烟暮雨苍茫意	云水孤帆寂寞船
沉淀瓜片,十年沉淀千秋事	半世沧桑一问题	好景良辰谁与共	清风明月赏幽溪,西风沉淀雁南翔	欲问题诗何处藏	此去经年谁与赏	春光秋色好商量,两袖清风无问题	一腔热血好吟诗	当年沉淀今何在	此刻欣然赏柳枝,三杯好饮千盅酒	沉淀情怀几度秋	欲赏佳人何处去	问题可否到白头,金风送爽赏秋凉	沉淀荷香韵满塘	好景良辰谁与共	问题何处是家乡,西风沉淀雁南翔	独倚栏杆赏夕阳	欲问题诗何处去	今宵好梦到家乡,老牛好色不得意	问题能否有几句	我自沉淀水中央	赏心悦目皆是趣,金风送爽赏秋凉	欲问题诗何处藏	沉淀轻烟迷望眼	谁知好景在他乡,十年沉淀千秋事	好梦依稀是旧时	欲问题诗何处去	清风明月赏心痴,两袖清风无问题	一腔热血好吟诗	闲来赏月登高处	沉淀情怀入酒卮,金风送爽好时光	喜看神州赏艳阳	沉淀千帆迎旭日	问题一曲贺华章,金风送爽赏秋凉	沉淀荷香韵满塘	欲问题诗何处去	天涯海角好还乡,问题何必到江湖	沉淀风云意自殊	好景良辰谁与共	赏心悦目忘归途,老牛好色不得意	问题能否有几句	赏心悦目皆诗趣	沉淀千载韵律出,金风送爽赏秋凉	好景良辰喜欲狂	莫问题诗何处去	今宵沉淀有余香,十年沉淀千秋事	好梦依稀是旧时	欲赏桃花何处去	问题无意惹相思,问君何处有诗肠	赏月吟风夜未央	好景良辰谁与共	清辉沉淀水云乡,金风送爽好时光	喜看神州赏艳阳	莫问题诗何处去	千年沉淀有芬芳,十年沉淀千秋事	半世沧桑一问题	好景良辰谁与共	清风明月赏幽溪,问君何处有诗肠	沉淀千年韵味长	我欲乘风邀月赏	天涯海角好时光
爽利瓜片,人间岁月逐浮利	大片情怀任去留	久长相思无所寄	九城一梦到白头,人间岁月逐浮利	大片情怀任去留	且看九城歌舞地	久长一梦到春秋,雨打千山人大片	风吹万木叶久长	不求富贵争名利	唯有九城一脉香,久长相思泪两行	浮生若梦利如霜	九城风雨无穷意	万片冰心几处伤,九城灯火照万家	逐利追名到海涯	久长不知何处去	春风大片落桃花,人间岁月逐浮利	世上风云变九城	大片文章无所用	久长梦寐有真情,久长相思泪两行	心中大片恨难忘	不求富贵名和利	但愿九城共一堂,九城灯火照万家	大片金辉映彩霞	逐利追名真富贵	久长不忘故园花,人间岁月逐浮利	世上风云感久长	大片文章传万古	九城歌舞颂辉煌,雨打千山人大片	风吹万木叶久长	九城此景谁堪画	只为贪官利欲狂,久长相思泪两行	九城此刻意彷徨	不求富贵名和利	唯有诗词大片章,九城灯火照万家	逐利追名到海涯	大片无心争富贵	久长不意闹喧哗,雨打千山人大片	风摧万木利坚持	久长不改当年志	重铸九城今日思,久长相思泪两行	心中大片恨难忘	九城此去何时返	万姓从来逐利忙,九城灯火照万家	久长相思不自夸	大片风光无限好	天涯何处利名花,人间岁月逐浮利	世上风云感久长	此去九城无限意	一腔大片写沧桑,雨打千山人大片	风吹万木叶九城	久长梦短难成寐	逐利争名总是空,久长相思泪两行	九城此刻意彷徨	心中大片何方去	利外名缰几处藏,人间岁月逐浮利	大片情怀任去留	久长相思无所寄	九城一梦到白头,雨打千山人大片	风摧万木利坚持	九城一梦惊雷起	久长天涯我自知
纯净毛峰,纯净神清气自嘉	冰肌玉骨韵精华	诗心不老春常在	骚客吟来兴味佳,纯净神清气自嘉	冰肌玉骨韵精华	吟风弄月抒心志	诗海扬帆踏浪花,玉露金风润精华	诗情画意满天涯	心中纯净无尘染	笔下清新有韵吟,诗海遨游有我家	心中纯净不须夸	吟风弄月抒豪兴	笔下精华自在花,玉露金风吟雅韵	清纯净土润心田	诗花绽放迎春意	社火精华庆盛筵,纯净神清气自嘉	轻吟浅唱醉流霞	精华荟萃千秋韵	妙笔生花诗万家,诗海遨游有我家	千年骚客聚精华	心中纯净无尘染	笔下清新吟浪花,玉露金风吟雅韵	精华荟萃聚群贤	清纯净土谁能比	喜看诗花绽笑颜,纯净神清气自嘉	诗心一片向天涯	精华荟萃千秋韵	吟帜高扬万里霞,玉露金风润精华	诗情画意满天涯	吟成佳句三千首	纯净心中一朵花,诗海遨游有我家	吟风弄月乐无涯	清心寡欲何纯净	淡泊功名自精华,玉露金风吟雅韵	清纯净土润心田	精华荟萃群贤聚	喜看诗坛花满天,玉露金风润精华	清纯净洁气质佳	诗情画意描不尽	醉卧花间吟月牙,诗海遨游有我家	千年骚客聚精华	吟风弄月抒豪兴	纯净神州大地花,玉露金风吟雅韵	诗情画意醉芳丛	精华荟萃群贤聚	纯净高洁誉远鸿,纯净神清气自嘉	诗心一片向天涯	吟风弄月抒豪兴	笔下精华未染瑕,玉露金风润精华	轻吟浅唱醉流霞	诗情画意描不尽	纯净心中一朵花,诗海遨游有我家	吟风弄月乐无涯	精华荟萃千秋韵	纯净清新万古夸,纯净神清气自嘉	冰肌玉骨韵精华	诗心不老春常在	骚客吟来兴味佳,玉露金风润精华	清纯净洁气质佳	轻吟浅唱迎仙客	妙笔生花诗万家
深厚毛峰,深厚风光万物生	天涯海角有真诚	无情岁月催人老	着意江山伴我行,深厚风光万物生	天涯海角有真诚	诗词画意抒豪气	笔墨挥毫赋雅情,世事真诚不可行	人情冷暖几多晴	今宵深厚难成梦	明日重逢意更浓,重游旧地有情肠	深厚相思泪两行	此去经年无限意	真诚一片为君伤,春风有意送芬芳	深厚容颜韵味长	一缕情丝何处寄	真诚为我赋诗章,深厚风光万物生	春来冬去意盎然	真诚一片成佳话	美酒千盅情满天,风雨人间几度情	天涯何处是真诚	春秋冬夏皆深厚	雪意冰心各自明,风雨兼程意纵横	诗词歌赋表真诚	深厚德行千古颂	高洁精品世人情,深厚风光万物生	天然造化也无情	真诚一片丹心在	不意人间有此声,世事真诚不可行	人情冷暖几多晴	春风有意催花发	秋草无心深厚生,重游旧地有情肠	不意相逢泪两行	深厚难知心底事	真诚未解梦中伤,风雨兼程意纵横	春秋深厚大功成	真诚一片丹心照	千古传承万世情,世事真诚不可行	人心深厚自难明	无情风雨催花落	有意春秋伴草生,风雨人间几度情	天涯何处是真诚	今宵难解相思意	只恨秋深厚我名,风雨兼程意纵横	相逢何必话离情	真诚自古多才俊	深厚于今几度明,重临深厚不寻常	情到浓时韵自长	有意吟诗添雅趣	真诚作画写华章,世事真诚不可行	此心无意自分明	人情冷暖知多少	深厚何须论短长,风雨人间几度情	天涯何处意相逢	真诚一片丹心在	爱恨千层深厚行,深厚风光万物生	天涯海角有真诚	无情岁月催人老	着意江山伴我行,世事真诚不可行	人心深厚自难明	春风有意催花发	夏雨无情促草萌
良善毛峰,白云作笔抒良善	黑夜挥毫斥佞奸	民富邦强天下事	国忧家辱史中篇,天朝良善美名存	奸佞贪婪毁我魂	国破家亡何处去	千秋伟业慰民心,奸臣盗贼毁家园	民弱难堪百姓艰	良善无私除弊政	忠魂有力报国权,官商勾结民情假	社稷安危良善真	国难当头须努力	奸臣贼子亦何人,国殇泣血祭英魂	良善终归天地门	民族和谐新世界	奸贪腐败旧乾坤,天朝良善美名存	国破家亡两断魂	奸佞昏庸忠士殁	英雄沥血为民心,白头偕老救民难	赤胆忠心斥佞奸	良善终归千载颂	英魂一去报国安, ,白云作笔抒良善	青史为民写正经	奸佞贪婪欺众庶	忠魂浩荡保家国,奸臣贼子丧斯文	千载犹传百姓民	国破家亡何处去	天灾良善此中沦,官商勾结民情假	家国和谐社稷真	良善古今多少事	奸邪腐败一朝沦,国殇泣血祭英魂	良善终归天地门	奸佞横行施毒计	忠臣直谏受冤民,奸臣盗贼毁家园	良善恶行欺众贤	民怨无情伤往事	国殇有耻诉新篇,官商勾结民情假	腐败奸贪党政真	国难当头何所惧	惟求良善美名存,国殇泣血祭英魂	为政清明民族存	奸佞贪婪施诡计	忠良善恶化灵均,天朝良善美名存	为政仁心恤民魂	国难当头何所惧	奸臣贼子罪乾坤,奸臣贼子丧斯文	国破家亡两断魂	千古伤心民族恨	至今良善恶难分,官商勾结民情假	家国和谐社稷真	奸佞横行施诡计	忠良善恶世无伦,白云作笔抒良善	黑夜挥毫斥佞奸	民富邦强天下事	国忧家辱史中篇,奸臣贼子丧斯文	良善恶行不可闻	国破家亡何处去	千年冤案诉民魂
未老毛峰,春风未到我先知	老柳新芽吐嫩枝	犹忆当年桃李艳	而今尚有几分痴,春风未到我先知	老柳新芽吐嫩枝	尚有梅花三两朵	犹如昨夜雪飞时,千秋岁月催人老	万古情怀犹自持	未改痴心成旧事	尚留残梦写新诗,千山草绿知犹梦	万里烟波恨未休	尚有渔翁来问讯	垂纶老叟钓江头,千山草绿尚吟诗	未到江南已忘时	犹忆当年春色好	老来心绪更谁知,春风未到我先知	尚有余香伴梦时	老去情怀无所寄	花开犹自惹相思,千山草绿知犹梦	万里风清老更狂	未到蓬莱何足道	只今尚有白云乡,千山草绿尚吟诗	老去情怀不自知	未到江南春已晚	犹怜陌上雪飞时,春风未到我先知	犹忆当年折柳枝	老去情怀无所寄	新来岁月尚如斯,千秋岁月催人老	万古情怀犹自持	尚喜今朝新世纪	未酬壮志少年时,千山草绿知犹梦	万顷波涛尚有痕	此去蓬莱应未远	春风不老旧时人,千山草绿尚吟诗	未到江南已忘时	老去不知身是客	梦中犹觉鬓如丝,千秋岁月催人老	半世情怀未可知	往事如烟犹似梦	余音尚绕数行诗,千山草绿知犹梦	万里风清老更狂	尚有闲情吟不得	未妨一醉到羲皇,千山草绿尚吟诗	犹忆当年折柳枝	老去情怀无限意	春风未到我先知,春风未到我先知	犹忆当年折柳枝	尚有闲情寻野趣	老来无意赋新诗,千秋岁月催人老	万古情怀尚自持	往事如烟犹似梦	韶华未改鬓垂丝,千山草绿知犹梦	万顷波涛尚有痕	老我何时归故里	天涯海角未销魂,春风未到我先知	老柳新芽吐嫩枝	犹忆当年桃李艳	而今尚有几分痴,千秋岁月催人老	半世情怀未可知	尚忆当年桃树下	今朝犹有落花时
高雅毛尖,高雅风流一线牵	披肝沥胆破毛尖	烹来煮去成佳味	淡饭粗茶亦胜仙,高雅风流数十秋	毛尖巧手创新猷	粗茶淡饭三餐饱	煮豆燃萁百子休,风卷毛尖雪满天	泥炉煮酒暖如烟	不求高雅今朝事	只把粗茶续旧篇,烹炸煎炒煮黄昏	高雅风流最可人	粗茶淡饭两相宜	一碗毛尖润齿唇,一碗粗茶几分羞	今朝高雅话风流	锅中煮尽人间味	不及毛尖半点柔,高雅风流数十秋	茶余饭后话绸缪	毛尖一朵心花放	煮尽酸甜到白头,煮豆燃萁夜未眠	风云际会数毛尖	不求高雅今朝事	只把粗茶送旧年,粗茶淡饭养精神	不恋毛尖爱美人	高雅风流何所似	烹炸煎炒煮青春,吟风弄月抒高雅	煮雨烹云论短长	莫笑毛尖心不老	粗茶淡饭亦安康,风卷毛尖雪满天	泥炉煮酒暖如烟	粗茶淡饭闲无事	高雅清新品自然,每煮青梅尝百味	常烹白雪品千茶	今宵高雅无人问	且看毛尖几朵花,一碗粗茶几分羞	今朝高雅话风流	毛尖巧手藏香气	釜底抽薪煮小楼,风卷毛尖雪满天	冰心高雅结诗缘	今宵煮酒邀明月	共品香茶续旧篇,煮豆燃萁夜未眠	风云际会数毛尖	粗茶淡饭三餐饱	高雅清心一世牵,每至清明未有茶	焚香煮酒话桑麻	毛尖指点心头火	高雅情怀梦里花,吟风弄月抒高雅	煮雨烹云论短长	淡饭粗茶何所意	毛尖一朵入诗囊,毛尖巧手绣红云	半盏粗茶敬客宾	酒煮青梅情意重	诗吟高雅世俗淳,每煮青梅尝百味	常烹白雪品千茶	毛尖自有清香在	高雅何须俗世夸,高雅风流一线牵	披肝沥胆破毛尖	烹来煮去成佳味	淡饭粗茶亦胜仙,毛尖已然几度秋	今朝高雅未登楼	粗茶淡饭随缘去	煮碗香茗解闷愁
独特毛尖,独特风光一线天	毛尖嘴角两千年	今朝再煮黄粱酒	我与茶香共品甜,诗坛独特一奇人	我自毛尖品味真	淡饭粗茶皆雅趣	烹来煮字共尝新,风卷毛尖雪满天	泥炉煮酒暖如烟	今宵独特他乡客	半盏粗茶话旧年,每煮青梅尝百味	独特风骨傲千秋	粗茶淡饭随缘去	不恋毛尖爱满楼,每至清明未有茶	临窗独特赏梅花	焚香煮酒三千盏	不及毛尖一朵霞,诗坛独特一奇人	粗茶淡饭度日辰	毛尖剔透精神爽	煮肉烹鲜待客亲,煮豆燃萁夜未眠	风云际会数毛尖	今人独特寻常事	一碗粗茶到口边,粗茶淡饭养精神	不恋毛尖爱美人	独特风流真本性	清汤煮去一壶春,独特风光一线天	梅花煮酒话当年	毛尖指点江山路	半盏清茶不用钱,风卷毛尖雪满天	泥炉煮酒暖如烟	粗茶淡饭闲无事	独特神奇品味鲜,每煮青梅尝百味	常烹白雪品千茶	今宵独特人间暖	又见毛尖嫩绿芽,粗茶淡饭养精神	独特风流数百春	老去毛尖心不改	青梅煮酒待来人,风卷毛尖雪满天	梅花独特一枝妍	煮泉烹饪无穷意	自有茶香到酒边,煮豆燃萁夜未眠	风云际会数毛尖	粗茶淡饭三餐饱	独特神州一线牵,每至清明未有茶	焚香煮酒话桑麻	毛尖指点心头火	独特寻常梦里花,独特山居不恋花	煮来春色到天涯	粗茶淡饭三餐饱	细草毛尖一抹霞,毛尖巧手绣红云	半盏粗茶敬客宾	酒煮青梅情意重	诗词独特品精神,每煮青梅尝百味	常烹白雪品千茶	毛尖自有清香在	独特人间第一花,独特风光一线天	毛尖嘴角两千年	今朝再煮黄粱酒	我与茶香共品甜,毛尖巧手绣红云	独特风情最可人	一碗粗茶兼品味	酸甜苦辣煮乾坤
纯粹毛尖,毛尖一抹绿云纱	酒煮青梅竹影斜	欲问茶香何处去	清风几缕味无涯,毛尖一抹绿云纱	酒煮青梅竹影斜	世味酸甜何足道	人情冷暖只杯茶,一壶春色宜烹煮	半盏茶烟好佐餐	莫问毛尖和几许	酸甜苦辣味俱然,一壶春色宜烹茶	两个毛尖可摘瓜	半味酸甜谁与解	锅中煮起万千家,一壶春色能尝味	半亩毛尖不染尘	欲问茶烟何处起	梅花煮酒待来人,毛尖一抹绿云纱	五味瓶开十里花	煮尽酸甜方入口	清茶半盏两人家,一壶春色宜烹茶	半卷诗书慢煮砂	莫问毛尖心几许	酸甜苦辣味无涯,一壶春色能尝味	半卷诗书可煮禅	莫笑毛尖心尚在	粗茶淡饭也怡然,毛尖一抹绿云纱	淡饭粗茶亦有涯	煮得酸甜皆入口	烹来美味自开花,一壶春色宜烹煮	半盏茶烟好佐餐	世味人情知冷暖	毛尖嘴角两相安,一壶春色宜烹茶	半盏清香好品味	莫笑毛尖不入口	且将热血煮青梅,一壶春色能尝味	半亩毛尖不染尘	煮到酸甜皆入口	粗茶淡饭也精神,一壶春色宜烹煮	半盏毛尖任品尝	淡饭粗茶无所事	酸甜苦辣味尤长,一壶春色宜烹茶	半卷诗书慢煮砂	淡泊人间千百味	毛尖剔透自芳华,一壶春色能尝味	半盏茶烟不染尘	煮得青梅三两句	毛尖自有几分真,毛尖一抹绿云纱	淡饭粗茶亦有涯	五味人生何足道	闲来煮茗品桃花,一壶春色宜烹煮	五味人生自品尝	淡饭粗茶皆有趣	毛尖嘴角又何妨,一壶春色宜烹茶	半盏清香好品味	煮去烦忧皆是趣	毛尖自在心中挂,毛尖一抹绿云纱	酒煮青梅竹影斜	欲问茶香何处去	清风几缕味无涯,一壶春色宜烹煮	半盏毛尖任品尝	世味酸甜何足道	粗茶淡饭亦安康
细致毛尖,毛尖一抹绿云纱	酒煮青梅竹影斜	欲问茶香何处去	清风几缕味无涯,毛尖一抹绿云纱	酒煮青梅竹影斜	世味酸甜何足道	人情冷暖只杯茶,一壶春色宜烹煮	半盏茶烟好佐餐	莫问毛尖和几许	酸甜苦辣味俱然,一壶春色宜烹茶	两个毛尖可摘瓜	半味酸甜谁与解	锅中煮起万千家,一壶春色能尝味	半亩毛尖不染尘	欲问茶烟何处起	梅花煮酒待来人,毛尖一抹绿云纱	五味瓶开十里花	煮尽酸甜方入口	清茶半盏两人家,一壶春色宜烹茶	半卷诗书慢煮砂	莫问毛尖心几许	酸甜苦辣味无涯,一壶春色能尝味	半卷诗书可煮禅	莫笑毛尖心尚在	粗茶淡饭也怡然,毛尖一抹绿云纱	淡饭粗茶亦有涯	煮得酸甜皆入口	烹来美味自开花,一壶春色宜烹煮	半盏茶烟好佐餐	世味人情知冷暖	毛尖嘴角两相安,一壶春色宜烹茶	半盏清香好品味	莫笑毛尖不入口	且将热血煮青梅,一壶春色能尝味	半亩毛尖不染尘	煮到酸甜皆入口	粗茶淡饭也精神,一壶春色宜烹煮	半盏毛尖任品尝	淡饭粗茶无所事	酸甜苦辣味尤长,一壶春色宜烹茶	半卷诗书慢煮砂	淡泊人间千百味	毛尖剔透自芳华,一壶春色能尝味	半盏茶烟不染尘	煮得青梅三两句	毛尖自有几分真,毛尖一抹绿云纱	淡饭粗茶亦有涯	五味人生何足道	闲来煮茗品桃花,一壶春色宜烹煮	五味人生自品尝	淡饭粗茶皆有趣	毛尖嘴角又何妨,一壶春色宜烹茶	半盏清香好品味	煮去烦忧皆是趣	毛尖自在心中挂,毛尖一抹绿云纱	酒煮青梅竹影斜	欲问茶香何处去	清风几缕味无涯,一壶春色宜烹煮	半盏毛尖任品尝	世味酸甜何足道	粗茶淡饭亦安康
勇毅碧螺春,忠魂毅魄归何处	碧血丹心报国春	乡野村头无限意	争强抗日更艰辛,忠魂毅魄归何处	碧血丹心报国春	百战争强终有日	千年乡野最伤神,桃李芬芳又一春	村头乡野乐耕耘	忠魂毅魄归何处	百姓争强赞美人,乡野村头柳色新	魂牵毅魄感斯人	争强夺利终无悔	化作春泥不染尘,桃李争强柳色新	冰心铁骨毅坚贞	不求富贵荣乡野	只盼清明报早春,毅然投笔归何处	万众争强赴盛筵	春到江南花正好	诗吟乡野乐无边,乡野村头柳色新	桃红杏白又逢春	魂牵毅魄江南客	梦绕争强塞北人,争强填词无量功	春花秋月各西东	诗魂毅魄今何在	乡野村头几处红,毅魄归来自可珍	不知乡野有何人	春风未解相思意	桃李争强又满林,桃李芬芳又一春	村头乡野乐耕耘	争强盛世无忧虑	毅魄忠魂万古存,乡野村头柳色新	争强斗巧竞芳辰	冰心铁骨凌霜毅	雪魄红魂报早春,争强填词无量功	诗魂毅魄在心中	春来冬去寻常事	乡野村头沐暖风,桃红柳绿又逢春	毅魄归来不染尘	乡野风光无限好	争强百姓乐安贫,乡野村头柳色新	桃红杏白又逢春	争强斗胜迎佳客	毅魄归来拜故人,桃李争强柳色新	村头乡野乐耕耘	春来雨润田苗绿	冬去冰消雪毅温,毅魄归来自可珍	不知乡野有何人	争强夺利终无悔	桃李芬芳又一春,春来秋去不复改	世事无常人争强	乡野村头黄犬吠	毅然回首泪两行,乡野村头柳色新	争强斗巧竞芳辰	春来我自多情种	毅魄忠魂永世存,忠魂毅魄归何处	碧血丹心报国春	乡野村头无限意	争强抗日更艰辛,桃红柳绿又逢春	毅魄归来不染尘	岁月争强催白发	关山乡野倍思亲
果敢碧螺春,谁人敢作不平心	春夏秋冬又几轮	九鼎三分成旧事	千盅万盏买醉金,谁人敢作不平心	春夏秋冬又几轮	买醉高楼今夜月	难酬九鼎旧风尘,一年四季春常在	九鼎三分志未酬	敢与桃花争秀色	千金买醉不知愁,九鼎神州一脉承	千秋伟业敢担名	今朝买醉长街上	春暖花开遍地声,千金难买醉乡美	不敢高歌唱大风	九鼎神州成一统	春来冬去满江红,敢与嫦娥比翼飞	千金买醉不思归	今宵又是春来早	九鼎重温待日晖,三分九鼎乾坤定	一统江山社稷春	不敢回头寻旧迹	千金买醉笑红尘,买醉当垆花似海	寻春沽酒柳如烟	今宵不敢高声语	九鼎难成一线牵,倭寇猖狂敢逞能	金瓯九鼎定乾坤	春风又绿江南岸	买醉何须问子孙,一年四季春常在	九鼎三分志未酬	买醉不知天下事	登高敢望岳阳楼,九鼎神州一脉承	千金买醉不求名	敢将热血酬知己	只把春心寄远鸿,千金难买醉乡美	不敢高歌唱大风	春去秋来人易老	神州九鼎一炉红,春风不解旧时痕	敢与桃花共比邻	九鼎江山何足道	千金买醉笑红尘,三分九鼎乾坤定	一统江山社稷春	千古英雄谁买醉	至今不敢说斯人,千金买醉笑颜开	九鼎分香入户来	春去不知何处宿	梅花未敢雪中栽,倭寇猖狂敢逞能	金瓯九鼎定乾坤	神州买醉何须酒	一统江山万古春,春去冬来岁月多	千金买醉不蹉跎	三分九鼎皆成事	敢与诸君说爱河,三分九鼎乾坤定	万卷千书买醉眠	莫道春来无觅处	谁人不敢说神仙,谁人敢作不平心	春夏秋冬又几轮	九鼎三分成旧事	千盅万盏买醉金,春风不解旧时痕	敢与桃花共比邻	买醉红尘何处去	焚香九鼎待黄昏
厚重碧螺春,厚重如山不可欺	心中有韵总相宜	诗情画意凭君写	吟到春来我自知,怜他厚重千斤骨	笑我轻狂几韵文	吟罢不知何处去	诗坛有幸会逢君,韵海行舟任所之	诗心不老复何求	胸怀厚重如山岳	笔墨轻吟似水流,悲君每饮千诗酒	愧我难酬半厚重	吟罢新词强说笑	拈来好韵更相逢,悲君每作千秋吟	愧我难成一厚重	诗中有意凭谁诉	韵里无心自在情,怜他厚重千斤骨	笑我轻狂几度吟	韵海扬帆追日月	诗山踏浪伴星辰,我有灵犀一点诗	琴心剑胆韵相宜	情怀厚重如山岳	意境轻吟似海痴,悲君每作千秋吟	愧我难成百韵音	厚重人间多少事	惟将诗酒寄闲心,厚重如山不可欺	诗情酒意两相宜	唐风宋韵流连久	好句吟来未有时,怜他每读千秋韵	愧我难登万里诗	此去吟坛应有意	天涯厚重寄相思,悲君每饮千诗酒	叹我难吟万古愁	厚重衣衫犹未补	惟将拙句韵中求,悲君每作千秋吟	愧我难成一厚重	有韵何须多唱和	无诗岂必少知音,韵海行舟任所之	胸怀厚重有谁知	诗心不老情长在	吟友相逢意兴驰,悲君每饮千诗酒	愧我难成一韵才	吟罢新词空对月	今宵厚重为谁开,悲君每作千秋吟	愧我难成百日诗	有韵何须多唱和	无才岂必厚重之,怜他厚重千斤骨	笑我轻狂万古诗	吟罢不知何处去	拈来好韵入新词,怜他每读千秋韵	愧我难吟七子词	欲写新诗无好句	今宵厚重有谁知,悲君每饮千诗酒	叹我难吟万古愁	此去天涯应有韵	人间厚重几时休,厚重如山不可欺	心中有韵总相宜	诗情画意凭君写	吟到春来我自知,怜他每读千秋韵	愧我难登厚重门	吟罢新词强说笑	诗心不改旧时痕
甜美碧螺春,蜂飞蝶舞菜甜美	也想娇儿把泪垂	吃喝玩乐全不够	此物最伤我心知,蜂飞蝶舞菜甜美	也想娇儿把泪垂	老母不知何处去	千般疼爱够难回,也想当年一片心	而今不够老来吟	人情冷暖皆甜美	世味炎凉知苦辛,两眼明兮不可量	一生甜美为何狂	谁知此物无穷意	也想乘风到故乡,谁知此意在何处	甜美心思为那般	爱恨情仇皆不够	人间也想再团圆,姐貌潘安甜美鲜	谁知此物最悠然	今朝也想开心笑	看够人间几百年,不够千金买醉人	也想富贵与风尘	酸甜苦辣皆尝尽	此后方知有几分,父有知音何处觅	妻无好梦也想寻	人生苦短谁甜美	不够相思泪两痕,酸甜苦辣皆尝尽	吃喝玩乐全不够	老井也想泡油妞	你知我的心里有,也想当年一片心	而今不够老来吟	知君此去何时返	甜美情怀几度春,两眼明兮不可量	岂知今日是何乡	人间苦难多甜美	也想当年话短长,父有知音何处觅	儿时甜美梦中寻	今宵也想家乡好	不够人间两地心,春风也想旧时妆	甜美人间一处藏	不够娇花三两朵	方知此物最牵肠,不够千金买醉人	也想富贵与风尘	谁知老牛伤心事	甜美还有几分真,谁知此意在何处	不够人间一杯酒	也想明朝花月夜	甜美苦涩难相守,苦甜美兮不可量	爱恨情仇两难忘	此去经年知何处	一朝梦醒泪也想,也想爹妈爱意绵	不知何日到乡间	千金难买几多够	甜美犹如在眼前,两眼明兮不可量	岂知今日是何乡	当时也想曾相识	甜美人生梦一场,蜂飞蝶舞菜甜美	也想娇儿把泪垂	吃喝玩乐全不够	此物最伤我心知,春风也想旧时妆	甜美人间一处藏	欲问谁知今日意	千娇百媚够芬芳
慈眉碧螺春,慈母堂前旧燕回	颦眉何事泪双垂	春风不解新妆面	犹自娇容入我帷,慈云一片绕山腰	眉黛含烟入碧霄	娇态婀娜如画里	新妆妩媚似江潮,绿鬓朱颜眉黛浅	红妆翠袖素裙纤	慈容笑貌今犹在	娇语欢声去复还,粉黛妆成白玉珠	慈颜善解美人肤	娇容妩媚含羞态	倩影婀娜展眉舒,娇态不堪秋色染	慈容偏爱夕阳红	新妆未改旧时面	眉上心痕一抹东,慈云一片绕山腰	玉树琼花别样娇	眉锁春愁无觅处	梅妆雪裹更妖娆,绿鬓朱颜妆镜台	颦眉浅黛为谁开	慈容笑貌今犹在	娇靥含羞掩面来,奇峰怪石最娇娆	眉黛如云似海潮	欲向慈颜施妙手	轻妆淡抹也逍遥,慈母堂前旧燕回	新妆未整面含绯	颦眉欲问谁家子	笑语娇声入耳来,眉黛远从秋水瘦	鬓霜偏向晓云妆	娇容不改胭脂色	慈面难堪琥珀光,粉黛妆成白玉珠	娇容妩媚醉心湖	慈颜善意何须问	眉锁春光入画图,奇峰怪石最娇娆	慈影婆娑入碧霄	眉黛含烟山色秀	唇红掩翠水妆骄,绿鬓朱颜眉黛浅	慈容素面泪痕深	新妆未改旧时意	娇蕊犹含昨日心,粉黛妆成白玉珠	眉颦浅笑似仙姝	娇容一抹胭脂色	倩影双慈琥珀肤,娇态不堪秋色染	妆容只为夕阳红	颦眉何必伤心处	一朵慈颜两袖风,慈鬓已随流水去	新妆未改旧时颜	娇容不与花争艳	眉锁春愁泪雨潸,眉黛远从秋水瘦	脸红偏向晓风娇	妆成只为相思意	一样慈容两地遥,粉黛妆成白玉珠	娇容妩媚醉心湖	眉颦浅笑含羞态	脸泛慈颜面若朱,慈母堂前旧燕回	颦眉何事泪双垂	春风不解新妆面	犹自娇容入我帷,横眉冷对千夫指	俯首甘为孺子慈	不恋娇颜施粉黛	无妆素面惹相思
温润祁红,温润轻滑凝清露	晶莹剔透亮洁光	玲珑玉面娇颜俏	金甲银盔满地黄,温润轻滑凝清露	晶莹剔透亮洁光	金风送爽怡人意	玉蕊含香沁脾芳,晶莹剔透玲珑骨	玉洁冰清琥珀杯	温润人间滋肺腑	金风飒爽送香来,玉指轻拨弄瑶琴	温润清香透骨心	金风送爽情难禁	一片晶莹不染尘,金风送爽秋意迟	温润人间两相宜	玉露凝珠成锦绣	晶莹剔透胜琼枝,温润轻滑凝清露	金风送爽伴花香	晶莹剔透玲珑意	玉魄冰魂蕴雅芳,玉指轻拨弄瑶琴	晶莹剔透美人心	春风温润江南雨	化作清香满地金,金风送爽秋意迟	晶莹剔透万千枝	温润江南无限好	一轮明月玉成诗,温润轻滑凝清露	玲珑剔透缀玉痕	晶莹洁白无瑕意	素裹银妆更胜金,晶莹剔透美人腮	玉魄冰魂两处裁	纵使金风吹落叶	心香温润到瑶台,玉指轻拨弄瑶琴	金风暗送桂花馨	温润人间情意重	晶莹剔透美如春,金风送爽秋意迟	温润人间两相宜	晶莹剔透玲珑骨	玉洁冰清仙女姿,晶莹剔透玲珑骨	温润轻盈妩媚容	玉魄冰魂谁可比	金睛铁眼世人崇,谁家玉笛伴歌来	剔透晶莹不染埃	纵使金风吹落叶	也知温润到瑶台,金风送爽乐悠哉	玉露沾衣喜气来	晶莹剔透亮瑶台	温润人间暖我怀,温润轻滑凝清露	玲珑剔透缀玉痕	金风送爽催人醉	疑似晶莹落凡尘,晶莹剔透美人腮	疑是金风送爽来	玉魄冰心何处去	清香温润到瑶台,谁家玉笛伴歌来	满地金黄次第开	剔透晶莹凝紫气	玲珑温润化香埃,温润轻滑凝清露	晶莹剔透亮洁光	玲珑玉面娇颜俏	金甲银盔满地黄,晶莹剔透玲珑骨	温润轻盈妩媚容	纵使金风吹落叶	不如玉蕊在心中
浪漫祁红,诗心浪漫几回春	笔下风流不染尘	我自逍遥游碧海	舟行万里未归人,浪漫诗情几度狂	风流倜傥少年郎	兰舟一叶随波去	墨客骚人游四方,风流倜傥少年人	游遍天涯几度春	浪漫情怀何所寄	飘蓬江海一舟沉,我欲携手游春江	爱恨情愁浪漫郎	兰舟一叶随波去	风流人间几度伤,我欲乘舟寻佳境	爱意浪漫何处觅	此去蓬莱游万里	风流倜傥人间事,浪漫诗情几度狂	舟横野渡意彷徨	风流自古多才俊	骚客游来韵味长,游人如织赏心真	一路风流不染尘	浪漫情怀何处觅	舟横野渡近黄昏,碧水摇舟来佛寺	金风流韵入诗肠	天涯浪漫多情客	何处游人是故乡,诗心浪漫几回春	游遍天涯觅旧痕	自古风流多少事	一舟烟雨落红尘,江山无处不风流	我自逍遥梦里游	一叶扁舟轻载去	千帆浪漫少年头,我欲携手游春江	爱舟如叶水中央	浪漫情怀何处去	风流倜傥醉荷香,碧水摇舟来佛寺	青山浪漫旧时人	风流自古多才子	游遍天涯尽是春,风流倜傥少年人	浪漫情怀有几分	我自逍遥游胜地	舟行险韵荡诗尘,春来何事不胜游	一样风流几度秋	我欲乘舟寻范蠡	江湖浪漫少年头,江边何处觅行舟	携手同游古渡头	欲问风流谁与共	天涯浪漫几时休,我的情侣浪漫郎	爱上心头游鸳鸯	萍水相逢兰舟渡	风流倜傥君子王,江山无处不风流	万顷波涛一叶舟	我欲乘之游海上	天涯浪漫几千秋,春来何事不胜游	一叶扁舟荡晚秋	我欲风流寻旧梦	江湖浪漫少年头,诗心浪漫几回春	笔下风流不染尘	我自逍遥游碧海	舟行万里未归人,绿水风流歌盛世	红尘浪漫颂英才	兰舟一叶随波去	游客千帆带雾来
睿智祁红,胸怀睿智千秋颂	伟业丰功万古传	喜看神州开盛世	欣观华夏谱新篇,胸怀睿智千秋颂	伟业丰功万古传	华夏文明昭日月	神州大地换新天,千秋伟业誉声扬	一统神州国运昌	睿智高才传禹甸	炎黄华夏永辉煌,神州大地换新装	睿智仁心众口张	华夏文明千古颂	丰功伟业世流芳,心怀华夏千秋颂	睿智忠魂万古传	今日神州开盛世	明朝伟业谱新篇,胸怀睿智千秋颂	腹有诗书气华夏	伟业丰功天下知	神州锦绣江山美,神州大地换新装	伟业丰功国运昌	睿智高才传禹甸	炎黄华夏永辉煌,心怀华夏千秋颂	伟业丰功万世传	睿智忠贞昭日月	神州崛起庆尧天,胸怀睿智千秋颂	腹有神州万古传	伟业丰功惊世界	炎黄华夏永流连,千秋伟业誉声扬	一统神州国运昌	华夏文明昭日月	炎黄睿智永辉煌,神州大地换新装	华夏儿男血脉长	睿智英明施雨露	千秋伟业永流芳,心怀华夏千秋颂	睿智忠魂万古传	伟业丰功惊世界	神州浩气贯长天,千秋伟业誉声扬	睿智高才日月光	万里神州歌盛世	八方华夏颂辉煌,神州大地换新装	伟业丰功国运昌	华夏文明千古颂	江山睿智万年芳,心怀华夏千秋颂	气壮神州万国安	伟业丰功惊世界	忠魂睿智耀人间,胸怀睿智千秋颂	腹有神州万古传	华夏文明昭日月	丰功伟业谱新篇,千秋伟业誉声扬	华夏文明史册芳	万里神州歌盛世	八方睿智颂辉煌,神州大地换新装	华夏儿男血脉长	伟业丰功惊世界	高歌睿智赞辉煌,胸怀睿智千秋颂	伟业丰功万古传	喜看神州开盛世	欣观华夏谱新篇,千秋伟业誉声扬	睿智高才日月光	华夏文明辉史册	神州崛起永安康
儒雅祁红,儒雅诗词真趣满	风流倜傥好儿男	游山玩水寻常事	放浪乘舟自在仙,诗坛儒雅聚群芳	宋韵唐风流远长	学海行舟追日月	书山探径访游乡,李杜风流数百秋	骚人墨客几时游	江南儒雅今犹在	我自逍遥水上舟,游人络绎满庭芳	儒雅温馨韵味长	舟载千帆迎丽日	风流百业颂华章,兰舟轻荡水中央	儒雅歌声韵味长	游客如云情似海	风流倜傥少年郎,诗坛儒雅聚群芳	学海行舟韵味长	笔下风流歌盛世	胸中锦绣梦游乡,今日欣逢盛世游	风流倜傥少年头	江南儒雅诗词美	塞北豪情笔下舟,兰舟轻荡水中央	千古风流韵味长	儒雅文章歌盛世	游人如织意绵扬,儒雅诗词真趣满	游山玩水乐团圆	风流倜傥多才俊	放棹兰舟唱采莲,江山无处不风流	我自逍遥梦里游	一叶扁舟随浪去	千年儒雅伴潮头,游人络绎满庭芳	一叶兰舟泛水乡	儒雅诗词歌盛世	风流倜傥少年郎,兰舟轻荡水中央	儒雅歌声韵味长	千古风流骚客咏	游人如织意绵扬,李杜风流数百秋	骚坛儒雅几多愁	游山玩水吟诗乐	学海行舟把韵幽,春来何事不胜游	一样风流几度秋	我欲乘舟寻范蠡	谁知儒雅是闲鸥,江边何处觅行舟	携手同游古渡头	欲问风流谁与共	不知儒雅几时休,诗坛儒雅聚群芳	胜地游来韵味长	学海扬帆舟击浪	风流倜傥少年郎,江山无处不风流	万顷波涛一叶舟	我欲乘之游海上	天然儒雅是吾师,春来何事不胜游	一叶扁舟荡晚秋	我欲风流寻旧梦	谁堪儒雅结新愁,儒雅诗词真趣满	风流倜傥好儿男	游山玩水寻常事	放浪乘舟自在仙,风流倜傥少年郎	儒雅文章最盛唐	学海行舟追日月	书山跋涉恋游乡
精神祁红,清风拂面精神爽	美酒盈杯气味珍	莫道今宵无贵客	人间何处不忧贫,清风拂面精神爽	美酒盈杯气味珍	莫道贫家无富贾	今朝贵客有来人,清明时节倍思珍	纸贵金钱不染尘	风雨精神常作客	烟云气象自为贫,春风送暖贵如金	柳绿桃红更精神	莫道贫家无富户	花香鸟语最宜珍,春风送暖不忧贫	柳绿桃红又精神	莫道人间天色贵	花香鸟语最宜珍,清风拂面精神爽	皓月盈怀笑貌贫	珍重年华添雅趣	金樽美酒贵良辰,春风送暖贵如金	万紫千红各自珍	莫道精神无处觅	只缘身在富家贫,春风送暖不忧贫	雪化冰消万物珍	抖擞精神迎远客	来年更显贵如金,清风拂面精神爽	美酒盈杯贵气扬	莫道珍馐难入口	家贫国弱怎能忘,天涯何处觅芳珍	万紫千红贵似春	莫道贫家无富户	风流倜傥最精神,春风送暖贵如金	莫道人贫我独吟	欲问精神何处觅	天涯海角自知珍,春风送暖不忧贫	柳绿桃红又精神	珍重年华添雅趣	喜迎贵客会佳人,清明时节倍思珍	风雨精神有几人	酒绿灯红何所贵	家贫国弱怎相亲,迎春化作贵妃粉	玉洁冰清一世珍	不与百花贫士死	凌霜傲雪显精神,经年不改旧时贫	今日重逢贵主人	莫道珍珠无价位	须知热血有精神,清风拂面精神爽	美酒盈杯贵气扬	莫道贫家无富户	珍馐玉液更辉煌,天涯何处觅芳珍	一去经年不见贫	富贵荣华终是客	清风明月最精神,迎春化作贵妃粉	送暖催开富士贫	珍重芳名千古事	冰心一片报精神,清风拂面精神爽	美酒盈杯气味珍	莫道今宵无贵客	人间何处不忧贫,清明时节倍思珍	风雨精神有几人	莫道家贫无客问	从来富贵不沾尘
抖擞祁红,抖擞精神日月新	桃红柳绿满园林	春归大地山河秀	雪化冰城花草茵,抖擞精神到海涯	桃红柳绿竞芳菲	东风吹送花千树	细雨轻沾春满衣,雪压霜欺红更新	寒来暑往又逢春	天公抖擞频挥手	风雨催开花信人,春来冬去喜盈门	抖擞精神迎贵宾	花好月圆歌盛世	酒红灯绿醉佳人,花前月下影随心	抖擞精神到处寻	春夏秋冬皆有意	残红褪去旧衣襟,抖擞精神到海涯	风云变幻万千花	红绡帐里罗裙舞	绿绮弦中春袖斜,雪舞梅开又是春	枫红菊白更精神	天公抖擞频挥手	我辈欣逢花甲人,未见东风数点花	残红一片落谁家	天公抖擞寻芳去	遍地春光无际涯,抖擞精神日月新	春回大地绿如茵	桃红万点胭脂色	花白千般窈窕身,一抹残红映晚霞	春来何处不芳华	花前月下谁知己	抖擞精神到我家,春来冬去喜盈门	花落人间两地分	抖擞精神迎日月	飞红万紫满乾坤,未见东风数点花	精神抖擞到天涯	残红褪去无痕迹	春在枝头第几家,雪压霜欺红更新	天公抖擞自精神	寒来暑往春常在	花好月圆人醉吟,春去冬来岁月赊	红消绿减又新芽	东风吹起花千树	抖擞精神到我家,未见东风数点花	春来何处不芳华	红消翠减三分色	抖擞精神到我家,天公抖擞降甘霖	春到神州遍地金	玉树琼花迎远客	红梅白雪报佳音,一抹残红映晚霞	东风吹过小桃花	春山不解相思意	抖擞精神到我家,春去冬来岁月赊	花残叶败各无涯	红衰绿减谁怜惜	抖擞霜风更发芽,抖擞精神日月新	桃红柳绿满园林	春归大地山河秀	雪化冰城花草茵,一抹残红映晚霞	金风抖擞满天涯	花前月下谁知意	春去秋来我念家
生机川红,生机勃发气氤氲	万绿丛中红紫分	春夏秋冬皆有意	风花雪月最销魂,生机勃发气氤氲	万绿丛中红紫分	我欲乘风花一朵	不知何处觅芳春,红消绿减终非假	春去秋来总是真	莫道生机无妙术	花明柳暗又黄昏,春来冬去已无痕	一派生机入户门	欲问花前人几度	红绡帐里又黄昏,花明柳暗情非假	草绿生机意亦真	莫道春归无觅处	红裙翠袖最怡神,生机勃发气氤氲	花甲年华又出群	万紫千红皆入画	春来遍野尽耕耘,春来冬去已无痕	红瘦绿肥何处寻	一片生机藏不住	风花雪月满乾坤,花明柳暗情非假	酒绿灯红意亦真	欲问生机何处是	江南春暖正宜人,生机勃发气氤氲	日暖风和二月春	万紫千红齐烂漫	花团锦簇庆芳辰,红消绿减终非假	春去秋来总是真	莫问花前人几度	生机无处可传神,春来冬去已无痕	花落人间几度寻	欲问生机何处是	红绡帐里绿罗裙,花明柳暗情非假	草绿生机意亦真	最爱夕阳红似火	江南又是一年春,红消绿减终非假	指点生机未必真	莫道春来无觅处	花明柳暗又逢君,春来冬去已无痕	红瘦绿肥何处寻	欲问花前人几许	生机一片报芳心,花明柳暗情非假	草长莺飞春不归	几处残红随落叶	谁家新绿映生机,生机勃发气氤氲	日暖风和二月春	四季花开添妩媚	千红万紫斗缤纷,红消绿减终非假	雪压霜欺不改花	待到春来无觅处	生机一派满天涯,春来冬去已无痕	花落人间几度寻	红紫飘零何处是	生机一片付黄昏,生机勃发气氤氲	万绿丛中红紫分	春夏秋冬皆有意	风花雪月最销魂,红消绿减终非假	指点生机未必真	莫问花前谁是客	春风吹过旧时人
直率川红,率舞群歌飞白鹭	轻吟一曲落红蕖	丹阳不解相思意	义愤诗词信有余,率舞群歌飞白鹭	轻吟一曲落红蕖	忠贞义愤今何在	碧血丹阳染素衣,万绿丛中红紫黄	秋风吹送到丹阳	率真情趣开心语	义愤填膺笔墨香,丹阳古刹号神仙	率性修真到此间	义愤填膺排险阻	红旗漫卷映蓝天,忠贞义愤古今长	率土安民保国防	赤子丹阳昭日月	红缨碧血染沧桑,率舞群歌飞白鹭	激昂义愤啸苍穹	红旗漫卷西风烈	不尽丹阳万古雄,一抹丹阳向远方	枫红菊艳韵悠长	诗情率意酬知己	义愤填膺赋雅章,忠臣义愤填沟壑	赤子魂牵泣泪红	率土安邦民族旺	丹阳火树耀长空,率真之迹本非远	丹阳道德何时还	红旌翠盖不知数	义愤填膺天地间,万绿丛中红紫黄	秋风吹送到丹阳	千年义愤今何在	一片忠心付率狼,丹阳古刹号神仙	义愤填膺气慨然	率土安民真本性	红旗卷起万重烟,义愤填膺气慨慷	男儿率性自疏狂	红旗漫卷西风烈	铁马金戈入丹阳, ,一抹丹阳向远方	枫红菊艳韵悠长	千年义愤随云散	万卷诗书率酒狂,义愤填膺慨且慷	丹阳泣血染衣裳	红旗漫卷西风烈	铁骑轻挥率兽王,率真之迹本非远	丹阳道德何时还	义愤填膺不自量	血染红袍泪如雨,忠魂一去几时红	义愤填膺气贯虹	血染丹阳惊日月	情牵黎庶率山中,一抹丹阳向远方	千年义愤诉衷肠	枫红菊艳秋光灿	率性情真意气扬,率舞群歌飞白鹭	轻吟一曲落红蕖	丹阳不解相思意	义愤诗词信有余,落叶残红满地伤	秋风吹起率心凉	一腔义愤何人解	洒向丹阳万里香
秀雅川红,诗吟秀雅情怀远	气蕴清新韵味长	万里江山藏古意	千年松柏隐幽篁,诗吟秀雅情怀远	气蕴清新韵味长	隐卧林荫听鸟语	闲云野鹤雾中藏,胸涵锦绣文章蕴	腹有诗书气度藏	秀雅风流歌盛世	清幽逸趣隐芬芳,胸藏锦绣诗囊满	笔走龙蛇秀雅多	隐逸情怀随日月	清新气象蕴风波,眼涵珠玉名声隐	指点江山秀雅多	腹有诗书藏万卷	胸无块垒蕴千磨,诗吟秀雅情怀远	酒隐幽香意趣浓	万里江山蕴锦绣	千秋岁月藏瑰奇,胸藏锦绣诗囊满	腹蕴珠玑笔力遒	秀雅风流凭我意	闲云野鹤隐山楼,眼涵珠玉名声隐	腹蕴诗书气度华	秀雅风流何所似	胸藏万卷自矜夸,诗吟秀雅情怀远	曲奏清幽意韵藏	蕴藉风光无限好	心中有梦隐沧桑,胸涵锦绣文章蕴	腹有诗书气度藏	隐卧林泉听鸟语	欣然秀雅乐无疆,胸藏锦绣诗囊满	腹隐珠玑韵味长	秀雅风流歌盛世	清新隽永蕴华章,眼涵珠玉名声隐	指点江山秀雅多	蕴藉风光无限好	胸藏万卷不蹉跎,胸涵锦绣文章蕴	指点江山秀雅风	腹有诗书藏气韵	心无杂念隐行踪,胸藏锦绣诗囊满	腹蕴珠玑笔力遒	月隐星移天欲晓	风清气秀雅情稠,眼涵珠玉名声隐	舌吐莲花气味藏	心蕴灵犀通佛性	风流秀雅是书香,诗吟秀雅情怀远	曲奏清幽意韵藏	隐去尘嚣心坦荡	凝神入画蕴华章,胸涵锦绣文章蕴	腹隐珠玑气度华	万卷藏书凭笔写	千篇秀雅任人夸,胸藏锦绣诗囊满	腹隐珠玑韵味长	雪蕴梅花春意涌	风调雨顺秀雅芳,诗吟秀雅情怀远	气蕴清新韵味长	万里江山藏古意	千年松柏隐幽篁,胸涵锦绣文章蕴	指点江山秀雅风	身隐桃林人未醉	腹藏书卷气如虹
清秀川红,清秀乾坤万里霞	碧波翠盖衬红纱	香风熏得人陶醉	不与桃花比艳华,清秀乾坤万里霞	碧波翠盖衬红纱	花团锦簇添新意	香气氤氲沁我家,四季风光衬绿纱	香飘十里满天涯	枝头清秀无人赏	唯有东君送好花,轻风细雨晚来香	清秀一枝满地芳	不与桃花争颜色	只留翠叶衬红妆,花团锦簇彩云裳	清秀风姿韵味长	一缕香魂何处去	娇容倩影衬红妆,清秀乾坤万里霞	春风化雨润桃花	青山绿水衬红日	碧草香烟绕紫涯,一缕香魂入万家	娇容妩媚衬红霞	不争春色添清秀	独爱东风第几花,岁月蹉跎几度花	红颜白发衬流霞	风霜雪雨成清秀	一缕香魂入万家,清秀乾坤万里霞	香风一缕到天涯	春光遍地无心衬	不与桃花斗艳华,四季风光衬绿纱	香飘十里满天涯	花团锦簇迷人眼	清秀一枝出万家,轻风细雨晚来香	草绿花红满地忙	清秀一园春色美	芳菲四月衬娇阳,岁月蹉跎几度花	一枝清秀映朝霞	春风不衬娇颜色	吹落残香到我家,四季风光衬绿纱	一川清秀映红霞	香飘十里谁知趣	蝶舞蜂飞吻蕊花,一缕香魂入万家	娇容妩媚衬红霞	花前月下谁能解	清秀芳菲遍地发,岁月蹉跎几度花	香消玉陨恨无涯	春风不解相思衬	清秀何堪寂寞加,一池清秀映荷塘	几缕幽香伴月光	不与桃花争颜色	只为翠叶衬红妆,四季风光衬绿纱	花团锦簇缀枝桠	香飘十里无人问	清秀一园遍地发,一缕香魂入万家	春风化雨润无花	娇容不与群芳衬	清秀何须众口夸,清秀乾坤万里霞	碧波翠盖衬红纱	香风熏得人陶醉	不与桃花比艳华,四季风光衬绿纱	一川清秀映红霞	花团锦簇迷人眼	香气氤氲醉万家
伶俐泉城绿,黄鹂三两歌伶俐	泉城十里唱缠绵	春风吹绿江南岸	一片青波映碧天,桥头伶俐两相违	欲向泉城问落晖	一片青波何处去	春风绿柳燕初归,清风一路入泉城	绿草红花满地生	伶俐不知何处去	依稀还见那山青,一弯新月映绿纱	两袖清风伶俐花	几处青烟凝碧树	泉城此刻正芳华,紫燕呢喃青塞北	白云伶俐碧江南	春风吹绿桃花水	一入泉城不忍还,孤影伶俐夜不眠	青烟缭绕意缠绵	泉城此去何时返	绿酒红灯伴月圆,绿杨一径迷归路	红杏半篱逗泉城	可怜伶俐相思意	无奈风霜雨雪青,江南岸柳映青晖	一抹流泉城上飞	伶俐娇娃歌舞起	春风吹绿满山薇,黄鹂三两歌伶俐	绿柳千枝舞婆娑	泉城此刻无他意	青埂峰前有几棵,清风一路入泉城	绿草红花满地生	山色空蒙青雨后	水光伶俐白云中,一弯新月映绿纱	两岸青烟绕渔家	玉指轻弹伶俐曲	泉城何处不飞花,紫燕呢喃青塞北	白云伶俐碧江南	泉城此去何时返	绿鬓朱颜两不堪,清风一路入泉城	孤影伶俐伴月明	酒绿灯红人未眠	花香鸟语草木青,绿杨一径迷归路	红杏半篱逗泉城	欲问青衫何处去	可怜孤影伶仃声,一弯新月映青纱	两岸清风绿柳斜	欲问泉城何处是	今宵伶俐到谁家,一轮孤月照伶俐	万绿丛中数点红	我自青霄君莫笑	泉城何日再相逢,泉城山色映斜晖	碧草青阶落叶肥	绿柳垂丝风舞絮	黄鹂伶俐燕衔泥,一弯新月映绿纱	两岸青烟绕渔家	欲问泉城何处去	孤帆伶俐落桃花,黄鹂三两歌伶俐	泉城十里唱缠绵	春风吹绿江南岸	一片青波映碧天,泉城山色映斜晖	孤影伶俐花正肥	青墙碧瓦人不在	绿酒红烛泪沾衣
灵动泉城绿,黄鹂一曲歌灵动	碧草泉城柳色新	绿涨池塘春水满	青芜阡陌野花匀,渔村灵动黄牛卧	石径泉城白马奔	山色空蒙青草远	波光潋滟绿苔痕,清风一路入泉城	绿草红花满地生	灵动诗心何处觅	春来柳岸又新青,绿鬓朱颜不自夸	春风灵动是吾家	门前青草连天碧	屋后泉城满地花,踏露草青花满地	迎风灵动舞翩跹	春来绿遍江南岸	疑是泉城落九天,灵动春心一线柔	山青水秀画中游	泉城美景怡人意	绿柳垂丝逗鸟啾,绿杨一径迷归路	红杏半篱逗泉城	灵动诗心何处觅	清风拂面草芽青,江南岸柳映青晖	一抹流泉城上飞	灵动诗心何处觅	绿杨荫里彩云归,灵动诗心一线牵	春风拂绿柳如烟	泉城此刻无他意	青埂峰前自在眠,清风一路入泉城	绿草红花满地生	山色空蒙青雨后	溪流灵动白云中,一弯新月映绿纱	两岸青烟绕渔家	风吹灵动歌声起	疑是泉城落桃花,踏露草青花满地	迎风灵动舞翩跹	泉城此去何时返	万绿丛中一泫然,清风一路入泉城	灵动诗心伴我行	酒绿灯红情意重	花香鸟语草庐青,绿杨一径迷归路	红杏半篱逗泉城	欲问青衫何处去	风吹灵动落花声,一弯新月映青纱	两岸清风绿柳斜	欲问泉城何处是	荷香灵动泛桃花,灵动诗心一线牵	春风拂绿柳如烟	山青水秀江南岸	雨润泉城花更妍,泉城山色映斜晖	碧草青阶落叶肥	绿柳垂丝风舞絮	红桃灵动燕衔泥,一弯新月映绿纱	两岸青烟绕渔家	欲问泉城何处去	风吹灵动落桃花,黄鹂一曲歌灵动	碧草泉城柳色新	绿涨池塘春水满	青芜阡陌野花匀,泉城山色映斜晖	灵动诗情入翠微	万顷松林青似染	一湾溪水绿如肥
元气泉城绿,尧功万古尊元气	禹迹千秋重泉城	绿鬓朱颜今已矣	青衫白发旧时声,尧功万古尊元气	禹迹千秋重泉城	此去青霄应有意	春风吹绿满江红,清风一路入泉城	绿草红花满地生	元气春来迎远客	寒梅冬去报新青,绿杨荫里小桥东	元气春来草木荣	柳岸青堤垂钓客	桃花流水落泉城,青红白紫各芬芳	元气清新韵味长	绿鬓才知春意浅	泉城何处不思乡,三千黎庶同元气	十万青春共劫灰	此去泉城应有意	绿杨荫里旧亭台,绿杨一径迷归路	红杏半篱逗泉城	元气相逢应有意	春风拂面草芽青,江南岸柳映青晖	一抹流泉城上飞	元气春来花正好	绿杨荫里子规啼,春来元气雨微风	绿暗红稀又几重	欲问泉城何处觅	青烟缭绕暮云中,清风一路入泉城	绿草红花满地生	山色空蒙青雨后	湖光元气白云中,一弯新月映绿纱	两岸青烟绕渔家	江南元气春正好	泉城何处不飞花,青红白紫各芬芳	元气清新韵味长	最爱泉城春色好	绿杨影里燕飞忙,泉城此去路何长	元气春来草木香	绿柳荫中人不见	青蒲丛里梦初凉,绿杨一径迷归路	红杏半篱逗泉城	欲问青衫何处去	江南元气是春风,一弯新月映青纱	两岸清风绿柳斜	欲问泉城何处是	江南元气落桃花,春来元气雨微风	绿暗红稀又几重	一抹青烟迷望眼	三分明月入泉城,泉城山色映斜晖	碧草青阶落叶肥	绿柳垂丝风舞絮	黄花元气蝶衔衣,一弯新月映绿纱	两岸青烟绕渔家	欲问泉城何处去	江南元气是桃花,尧功万古尊元气	禹迹千秋重泉城	绿鬓朱颜今已矣	青衫白发旧时声,泉城此去路何长	元气春来草木香	山色空蒙青嶂远	湖光潋滟绿波凉
大度 泉城绿, , , , , , , , , , , , , , , , , , , , 
奔放滇红,奔放神州大地红	江山气势贯长虹	千帆竞发冲苍穹	万众欢呼振国雄,奔放神州大地红	江山气势贯长虹	千秋伟业雄图展	万众欢腾笑苍穹,气势磅礴腾巨龙	飞身直上揽苍穹	千帆奔放风云起	百舸争流日月雄,剑指苍穹万里空	江河奔放水流东	千秋伟业雄图展	一统神州气势宏,一代风流万世雄	江山奔放我心同	苍穹有意凌云志	碧宇无涯气势宏,奔放神州大地红	千秋伟业万年雄	中华气势冲霄汉	铁骨丹心傲苍穹,剑指苍穹万里空	神州气势贯长虹	江河奔放波涛涌	华夏腾飞日月雄,一代风流万世雄	千秋气势贯长虹	江河奔放波涛涌	日月辉煌耀苍穹,奔放神州大地红	千帆竞发破苍穹	腾云气势冲霄汉	飞架虹桥贯日雄,气势磅礴腾巨龙	飞身直上揽苍穹	雄奇伟略惊寰宇	奔放豪情唱大风,剑指苍穹万里空	雄鹰展翅傲长风	千帆奔放情如海	百舸争流气势宏,一代风流万世雄	江山奔放我心同	冲天气势凌云汉	拔地豪情傲苍穹,气势磅礴腾巨龙	江河奔放水流东	千帆竞发苍穹里	万众欢呼大地雄,剑指苍穹万里空	神州气势贯长虹	千秋伟业雄图展	奔放江南第一功,一代风流万世雄	千秋伟业傲苍穹	江山气势凌云起	奔放神州大地红,奔放神州大地红	千帆竞发破苍穹	雄鹰展翅惊寰宇	气势昂然贯长虹,气势磅礴腾巨龙	雄奇伟略定乾坤	苍穹有意凌云志	大地无形奔放心,剑指苍穹万里空	雄鹰展翅傲长风	神奇气势凌霄汉	奔放情怀壮海东,奔放神州大地红	江山气势贯长虹	千帆竞发冲苍穹	万众欢呼振国雄,气势磅礴腾巨龙	江河奔放水流东	雄奇伟略惊寰宇	浩瀚长空耀苍穹
妩媚滇红,娇容妩媚下瑶台	万紫千红次第开	绿柳轻盈飞燕舞	青杨婉转小莺来,春风妩媚柳丝垂	紫燕呢喃红叶飞	碧水青波摇倩影	绿杨荫里鸟儿归,嫣红姹紫竞相开	绿叶丛中一点白	妩媚娇容无限意	含苞待放满青台,春风拂柳绿江南	妩媚娇容入眼帘	碧水青波涟漪起	红裳翠袖舞翩跹,东风送暖柳青烟	妩媚娇容一抹胭	绿鬓朱唇含笑靥	红裙翠袖舞婵娟,春风妩媚柳丝垂	碧水青波映翠微	紫燕呢喃红叶舞	绿杨旖旎白云飞,春风吹到绿窗开	万紫千红次第来	妩媚娇容真可爱	青纱帐里美人腮,山青水秀柳垂丝	红紫纷呈各有姿	妩媚风光无限好	春来绿意最相宜,娇容妩媚下瑶台	绿鬓朱唇两靥开	粉面含羞红似火	青丝吐秀白如雪,红紫纷飞又一年	春风化雨绿江南	山青水秀无穷意	妩媚娇容入眼帘,春风拂柳绿江南	桃李争芳青满园	妩媚娇容成丽影	嫣红姹紫映心间,山青水秀柳垂丝	妩媚娇容醉里痴	红藕轻盈相望处	春风拂过绿杨枝,嫣红姹紫竞相开	妩媚娇容入眼来	绿叶丛中藏丽影	青花枝上吐芳腮,绿柳垂丝拂水潺	红裙翠袖倚栏杆	春风不解青衫意	妩媚娇容一抹胭,春色满园青草鲜	绿杨垂柳燕呢喃	谁家红杏出墙去	妩媚桃花三月天,东风妩媚柳丝纤	绿染江南水墨天	青草池塘春色满	红裙翠袖舞翩跹,红紫纷飞又一年	山青水秀梦魂牵	春风吹绿江南岸	妩媚桃花绽笑颜,绿柳垂丝拂水潺	青波荡漾小桥弯	红裙舞动荷花醉	妩媚娇容入画间,娇容妩媚下瑶台	万紫千红次第开	绿柳轻盈飞燕舞	青杨婉转小莺来,红裙翠盖两相宜	妩媚娇容最可思	若是青莲能解意	春风吹绿满塘池
风情滇红,万种风情同品味	千般意趣共芳醇	花前月下频添酒	雪后梅边又报春,一路风情伴我行	芳枝翠叶两相迎	春来何处无心语	花落谁家有意声,十里芳林皆碧草	花明柳暗各无踪	风情雨意何时尽	春到江南又几重,花团锦簇满园红	最爱风情四季同	莫道春来无觅处	芳心一片报东君,千般意趣春消息	万种风情月缺圆	欲问花神何处去	芳魂一缕到君前,一路风情伴我行	春来冬去喜相迎	芳枝嫩叶新芽吐	玉树琼花老眼明,四月江南遍地花	芳枝翠叶映红霞	风情万种人间美	一片春光到我家,正是春来气象浓	芳园四月绿葱茏	风情万种人心暖	雪意千山花草茸,万种风情同品味	千般意趣共花鲜	芳笺欲寄谁知己	春去秋来又一年,芳园小径沐斜晖	花落无声叶正肥	欲问春归何处去	风情万种我心违,花团锦簇满园红	春到神州景色浓	风情万种人气旺	四季芳菲遍地荣,正是春来气象浓	风情万种乐从容	芳魂一缕随云去	花落人间几处逢,十里芳林皆碧草	风情万种谁人晓	花前月下重相逢	一片春愁何处找,花团锦簇彩云飞	芳影婆娑映翠微	疑是春来人未至	风情万种待郎归,谁家燕子剪春衣	花雨如烟柳色微	欲问芳魂何处觅	风情万种几时归,天涯海角觅风情	花落人间意更浓	欲问春归何处去	芳魂一缕为君留,芳园小径沐斜晖	春去无踪燕子肥	花落不知人有意	风情只为我心违,花团锦簇彩云飞	春到神州喜气微	玉树琼枝芳馥郁	风情万种美人归,万种风情同品味	千般意趣共芳醇	花前月下频添酒	雪后梅边又报春,欲觅芳踪访旧朋	风情万种几时兴	春来我自无心赏	花落谁知有意承
豁达滇红,豁达胸怀万卷藏	风云坦荡气轩昂	诗心不老千秋韵	酒意长留百草香,登高豁达浑无倦	坦荡襟怀且自宽	着意吟诗常作客	有心觅句却为难,坦荡人生日月光	心宽体健好儿郎	胸怀豁达情如火	意趣相投韵味长,黄鸡白酒两无心	豁达情怀自古今	醉里不知山有意	胸中坦荡水浮沉,东风着意送行人	豁达情怀万里春	心有灵犀通曲径	胸无坦荡走红尘,登高豁达浑无倦	着意逍遥信有神	坦荡襟怀何所似	心清气爽最怡人,流水吟诗心畅快	高山坦荡兴悠哉	胸怀豁达情如酒	意趣相投乐自来,登楼意绪犹难尽	坦荡情怀尚未休	豁达胸襟天下事	心宽体健度春秋,豁达胸怀万卷藏	心潮激涌浪飞扬	风云坦荡无忧乐	岁月蹉跎有意狂,胸怀坦荡有余闲	心旷神怡乐满天	意远情浓歌盛世	兴高境豁达丰年,黄鸡白酒两无心	醉里乾坤意自深	豁达情怀何所似	胸襟坦荡有知音,登楼意绪犹难尽	豁达情怀尚未休	坦荡胸襟真气象	心清自有好风流,坦荡人生日月光	胸怀豁达气轩昂	心存善念吟诗韵	意满豪情赋雅章,心如止水欲何难	坦荡襟怀不自宽	有意登高长望远	无言豁达每思闲,登楼意绪犹难尽	对月心怀尚未休	坦荡胸襟真气象	豁达眼界好风流,红尘豁达酒香醇	心有灵犀一点真	醉意朦胧何处是	胸怀坦荡自怡神,胸怀坦荡有余闲	意趣相投兴未阑	心旷神怡诗韵雅	情真豁达性灵顽,心如止水欲何难	意乱情迷不自安	坦荡襟怀无所寄	豁达胸境有清闲,豁达胸怀万卷藏	风云坦荡气轩昂	诗心不老千秋韵	酒意长留百草香,胸怀坦荡有余闲	豁达豪情万户间	意气相投诗笔健	心花怒放酒香甜
老练滇红,千磨利剑成白练	万种风情化紫红	不见丽人歌舞起	乐章唱彻大江东,千磨利剑成白练	万种风情化紫红	且看乐章歌盛世	丽人锦绣耀苍穹,红粉娇容一并开	丽人如玉下瑶台	清风明月双飞练	乐奏佳章锦绣裁,南国丽人多俊杰	冰心玉洁白如练	乐章歌赋无穷尽	红荔枝头春色满,李杜诗词谱乐章	千秋功过练成钢	丽人佳作无寻处	姹紫嫣红又一乡,玉练悬空日月光	乐章唱彻古今扬	枫红菊艳秋风劲	水秀山清丽人狂,丽人一去不复还	红绡帐里两重天	素手轻挥白玉练	乐章歌罢舞翩跹,诗词歌赋乐章狂	酒绿灯红夜未央	明月清风千古练	丽人楼里话沧桑,千磨利剑成白练	万卷诗书伴丽人	莫道红尘多坎坷	乐章唱和尽情真,红粉娇容一并开	丽人如玉下瑶台	乐章歌里无穷意	练就诗心不用猜,南国丽人多俊杰	乐章歌赋有神仙	吟诗练字开心快	万紫千红又一年,李杜诗词谱乐章	千秋功过练成钢	枫红菊艳清风爽	日丽人欢喜气扬,千红万紫竞葱茏	练就诗情不老松	日丽人和花烂漫	乐章美句赞英雄,丽人一去不复还	红绡帐里两重天	乐章歌罢君莫笑	只为白练舞翩跹,雅士乐章何处去	丽人佳句此间留	红笺小字凭谁问	白练千年几度秋,玉练悬空日月光	丽人挥手舞霓裳	乐章唱彻神州地	红荔枝头韵味长,枫红菊艳桂飘香	玉露金风送乐章	喜看丽人歌盛世	飞天彩练舞霓裳,丽人一去不复还	乐章美词歌舞欢	红绡帐里鸳鸯枕	白玉盘中翡翠练,千磨利剑成白练	万种风情化紫红	不见丽人歌舞起	乐章唱彻大江东,千红万紫竞葱茏	练就诗情不老松	笔下乐章歌盛世	春风化雨丽人行
贤淑贡眉,心事已随流水贡	愁眉不展落花轻	妆台寂寞无人问	娇倚栏杆待月明,心事已随流水贡	愁眉不展落花轻	娇莺啼处人归后	粉黛妆成待月明,眉黛远从秋水瘦	鬓霜偏向晓云妆	不知贡赋今何在	只见娇容泪两行,粉黛妆成白玉珠	罗衣轻解贡姑苏	娇容一抹胭脂色	倩影双眉入画图,娇态不堪秋色染	清香已入贡琛中	素妆淡抹无人问	眉黛含羞几点红,心事已随流水贡	娇容不与落花争	颦眉何处无知己	一样妆台两地生,粉黛妆成白玉珠	眉颦浅笑似仙姝	不知贡品何方去	只见娇容入画图,娇态不堪秋色染	眉弯却似月轮移	从来贡院多风物	一样妆台两地知,心事已随流水贡	春愁未改旧妆容	颦眉何处无知己	娇倚栏杆立晚风,眉黛远从秋水瘦	鬓霜偏向晓云妆	娇容不改胭脂色	秀口难开贡赋香,粉黛妆成白玉珠	娇容妩媚醉心湖	不知贡品何方去	颦蹙眉弯入画图,娇态不堪秋色染	清香已入贡琛中	颦眉浅笑无人问	素手轻妆有意融,眉黛远从秋水瘦	眼珠还见贡琛肥	妆成不用登楼望	一样娇容是翠微,粉黛妆成白玉珠	眉颦浅笑似仙姝	娇容一抹胭脂色	惹得游人入贡图,娇态不堪秋色染	妆容只为夕阳红	颦眉何必伤心处	唯有相思贡酒盅,心事已随流水贡	春愁未改旧妆容	娇莺啼破胭脂泪	眉锁青山恨几重,眉黛远从秋水瘦	脸红偏向晓风娇	妆成只为相思意	不入江南贡海潮,粉黛妆成白玉珠	娇容妩媚醉心湖	眉颦浅笑含羞态	袖舞长裙入贡图,心事已随流水贡	愁眉不展落花轻	妆台寂寞无人问	娇倚栏杆待月明,眉黛远从秋水瘦	眼珠还见贡琛肥	娇莺啼破相思梦	晓镜妆成白发垂
苗条贡眉,心花每伴苗条露	贡果常随日月光	眉锁千山犹未改	春风化雨润新妆,苗条新绿映朝阳	一路风光入贡房	春色满园妆翠黛	秋眉半卷画黄粱,贡琛未报千金重	射策先知一画眉	只恐苗条无意绪	妆成不肯下帘帷,眉痕每伴书声朗	心绪常随绿苗条	素女妆成犹未改	不知贡去几时还,碧水蓝天巧扮妆	苗条新绿吐芬芳	眉飞彩蝶迎风舞	脚踏莲花送贡香,绿水苗条碧草长	轻风细雨润新妆	江南贡院春光好	喜看眉开福满堂,相逢一笑两眉颦	手捧西施入贡门	可惜苗条无力量	新妆淡抹总销魂,风梳翠柳舞新妆	万紫千红入贡房	不见苗条田埂绿	颦眉苦口诉衷肠,心花每伴苗条露	眉黛长迎秀色风	不为贡琛添羽翼	素妆淡抹自从容,贡琛未报千金重	射策先知一画眉	只恐妆成无觅处	苗条已作杏花枝,眉黛含羞小草堂	娇容玉面映红妆	苗条嫩叶新芽绿	入贡方知韵味长,碧水蓝天巧扮妆	苗条新绿吐芬芳	农家喜乐开心贡	笑语欢眉贺吉祥,心花每伴朝霞贡	汗水常陪绿苗条	眉锁千山难入画	妆成百褶不胜娇,相逢一笑两眉颦	手捧西施入贡门	粉面娇容妆未罢	苗条弱态舞犹存,一抹胭脂染素妆	颦眉浅黛为谁忙	如今不贡红酥手	只把苗条做嫁娘,心花每伴苗条露	眉黛长迎秀色风	素裹银妆谁解意	清香一缕贡芳丛,云蒸霞蔚贡神王	玉树琼花巧扮妆	眉黛含羞迎远客	苗条着意沐朝阳,眉黛含羞小草堂	娇容玉面映红妆	不知贡去何时返	只见苗条一寸长,心花每伴苗条露	贡果常随日月光	眉锁千山犹未改	春风化雨润新妆,云蒸霞蔚贡神王	千古苗条万里长	我欲妆成天下景	颦眉何必费思量
恬静贡眉,安仁恬静千秋事	利禄荣华一贡瓜	笑看眉弯心似月	新妆未改旧时花,风吹恬静幽香透	雨洗晶莹贡叶鲜	素裹银妆真境界	眉描淡画自怡然,贡琛未报千金重	射策先知一画眉	恬静宁论今日事	新妆浓淡自相宜,眉黛含羞小草堂	一池恬静柳丝长	春风不解新妆意	犹送清香入贡房,秋风未改旧时妆	恬静相思梦里藏	眉锁心头谁解意	一壶美酒贡西厢,秋来恬静好风光	绿叶红花遍地妆	贡果金黄粮满囤	眉飞色舞笑声扬,相逢一笑两眉颦	手捧西施入贡门	恬静不知花落处	素妆淡抹也销魂,风梳翠柳舞新妆	万紫千红入贡房	恬静村姑歌婉转	颦眉浅黛韵悠长,安仁恬静千秋事	善恶轮回一世眉	不入仕途皆贡献	新妆淡抹总相宜,贡琛未报千金重	射策先知一画眉	只恐妆成无觅处	春风恬静不胜悲,眉黛含羞小草堂	娇容玉面映红妆	春风恬静桃花落	疑是嫦娥入贡房,秋风未改旧时妆	恬静相思梦里藏	贡院黄花迎远客	颦眉细语诉衷肠,贡琛未报千金重	恬静方知万事轻	眉上心头无限意	新妆浓淡为谁明,相逢一笑两眉颦	手捧西施入贡门	粉面娇容妆未罢	暗香恬静月黄昏,一抹胭脂染素妆	颦眉浅黛为谁忙	如今不贡红酥手	恬静心思梦里藏, ,云蒸霞蔚贡神王	玉树琼花巧扮妆	眉黛含羞迎远客	眼波恬静映朝阳,眉黛含羞小草堂	娇容玉面映红妆	不知贡去何时返	恬静香来几处藏,安仁恬静千秋事	利禄荣华一贡瓜	笑看眉弯心似月	新妆未改旧时花,云蒸霞蔚贡神王	恬静风流韵味长	素裹银妆真境界	眉弯粉黛自芬芳
端庄贡眉,素裹端庄不染尘	清香四溢贡乾坤	眉飞色舞迎风笑	粉黛轻妆点绛唇,百姓端庄粽子香	龙舟竞渡贡吴王	妆成碧玉千秋事	眉锁青山万古霜,贡琛未报千金重	射策先知一画眉	此去端庄何处是	妆成只为赏花时,眉黛轻描画里春	端庄美丽俏佳人	娇容妩媚羞妆面	秀口含香喜贡神,素裹红装扮靓妆	端庄美丽俏娇娘	眉飞粉黛含羞笑	口吐莲花献贡香,百姓端庄粽子香	龙舟竞渡祭新妆	江南贡赋千秋颂	塞北眉描万世芳,相逢一笑两眉颦	手捧西施入贡门	今日端庄颜色好	新妆依旧照黄昏,风梳翠柳舞新妆	万紫千红入贡房	欲问端庄何处是	颦眉笑指杏花藏,素裹端庄不染尘	颦眉何处可销魂	江南贡尽黄粱熟	塞北妆成白发新,贡琛未报千金重	射策先知一画眉	只恐妆成无觅处	端庄不改旧时枝,眉黛含羞小草堂	娇容玉面映红妆	端庄美丽谁家女	笑语欢声入贡房,素裹红装扮靓妆	端庄美丽俏娇娘	不知贡去何时返	眉黛含羞笑语扬,一贡灵芝几度春	端庄典籍远嚣尘	颦眉自古多才子	妆镜于今少故人,相逢一笑两眉颦	手捧西施入贡门	粉面娇容妆未罢	端庄美丽俏佳人,一抹胭脂染素妆	颦眉浅黛为谁忙	如今不贡红酥手	醉入端庄几断肠,素裹端庄不染尘	颦眉何处可销魂	妆成只为寻春色	万紫千红入贡门,云蒸霞蔚贡神王	玉树琼花巧扮妆	眉黛含羞迎远客	唇红吐紫韵端庄,眉黛含羞小草堂	娇容玉面映红妆	不知贡去何时返	疑是端庄蝶梦长,素裹端庄不染尘	清香四溢贡乾坤	眉飞色舞迎风笑	粉黛轻妆点绛唇,贡品何须论短长	端庄典雅好文章	新妆未必真颜色	眉展心开一缕香
正直贡眉,中原正直千秋事	末路犹传百贡香	眉上心头无限意	不知何日换新妆,忠贞正直胸襟阔	奸佞横行口贡多	妆点江山无限意	眉飞色舞笑蹉跎,贡琛未报千金重	射策先知一画眉	正直使君行乐处	晓妆浓抹绿杨枝,颦眉何处无春风	桃花正直面颜红	妆罢倚栏看明月	不知君去贡香茗,新妆未改旧时容	正直相逢一笑中	眉锁春愁谁解意	心怀锦绣贡江东,忠贞正直胸襟阔	淡泊宁容岁月妆	我欲乘风寻贡禹	颦眉何必费思量,相逢一笑两眉颦	手捧西施入贡门	正直与君同折桂	新妆容我共销魂,风梳翠柳舞新妆	万紫千红入贡房	正直人间春色好	颦眉何处不思量,江南正直无乃翁	眉黛鬓白如春风	当时贡籍亦何事	新妆淡抹皆颜红,贡琛未报千金重	射策先知一画眉	只恐妆成无觅处	江南正直使君时,眉黛含羞小草堂	娇容玉面映红妆	风流正直多情意	一入江南贡酒香,新妆未改旧时容	正直相逢一笑中	入贡方知天下事	颦眉只为世人功,贡琛未报千金重	正直方知万事轻	眉上心头无限意	新妆浓淡为谁明,相逢一笑两眉颦	手捧西施入贡门	粉面娇容妆未罢	红衣正直舞黄昏,一抹胭脂染素妆	颦眉浅黛为谁忙	如今不贡红酥手	正直人间第几肠,江南正直无乃翁	眉黛鬓白如春风	妆奁照镜容易改	贡篚满箧何时穷,云蒸霞蔚贡神王	玉树琼花巧扮妆	眉黛含羞迎远客	心香正直送芬芳,眉黛含羞小草堂	娇容玉面映红妆	不知贡去何时返	正直无心话短长,中原正直千秋事	末路犹传百贡香	眉上心头无限意	不知何日换新妆,一从贡赋入樊笼	正直千秋万古同	试看新妆出玉树	颦眉不改旧时红
福寿寿眉,姜公垂钓黄福寿	徐孺作揖康乃翁	眉清目秀白云淡	新妆旧貌各不同,姜公垂钓黄福寿	徐孺作揖康乃翁	新妆淡抹无颜色	颦眉何处与君同,姜翁垂钓青云寿	崔颢题诗黄鹤眉	今日神州添福寿	梅妆竹影两相宜,张郎射虎弯眉月	福寿相逢情意多	玉面娇容妆淡雅	金钗华发配银河,吴王宫里旧妆房	福寿元知不可量	眉锁春愁犹缱绻	鬓添秋色已增霜,姜公垂钓黄福寿	苏子躬耕白发妆	我欲乘舟寻此老	颦眉笑指杏花乡,张郎射虎弯眉月	李白登龙献寿杯	好景良辰逢福寿	新妆美丽待君来, ,姜公垂钓黄福寿	张旭弯眉红日升	我欲乘舟寻桂子	轻妆淡抹总相迎,姜翁垂钓青云寿	崔颢题诗黄鹤眉	素女妆成天下白	人间福寿喜相随,张郎射虎弯眉月	崔护题诗素面妆	福寿相逢应有意	祝君康健寿无疆,吴王宫里旧妆房	福寿元知不可量	三十年间称老寿	一双眉额是新郎,姜翁垂钓青云寿	太子开尊福寿延	眉展心舒迎远客	妆成意惬纳群贤,张郎射虎弯眉月	李白登龙献寿杯	素女妆成云髻小	仙家福寿喜相陪,吴王宫里旧妆房	眉黛含春一抹香	可惜千金酬不寿	只今福寿与君长,姜公垂钓黄福寿	张旭弯眉红日升	素裹银妆迎贵客	苍茫大地庆昌龄,姜翁垂钓青云寿	陶令归田白发妆	眉锁春愁谁解意	人逢盛世福增光,张郎射虎弯眉月	崔护题诗素面妆	寿比南宫妃子笑	福临北国美人狂,姜公垂钓黄福寿	徐孺作揖康乃翁	眉清目秀白云淡	新妆旧貌各不同,姜翁垂钓青云寿	太子开尊福寿延	素女妆成天下白	颦眉笑指世间贤
壮志寿眉,少年壮志青云路	晚岁豪情白发寿	眉上心痕犹未改	镜中霜鬓已妆后,少年壮志青云路	晚岁豪情白发寿	新妆未改旧时颜	眉上心痕犹似酒,姜翁垂钓青云寿	崔颢题诗黄鹤眉	壮志未酬何处去	新妆淡抹总相宜,张郎射虎弯眉月	壮志凌云横槊诗	素女妆成天下白	寿龄八十正当时,吴王宫里旧妆房	壮志难酬泪两行	眉锁情怀何处寄	心随岁月寿相长,少年壮志青云路	晚岁豪情白发妆	寿比南山心更健	眉开北斗意尤长,张郎射虎弯眉月	祝福声中寿万年	壮志未酬何处去	银妆素裹有神仙,吴王宫里旧妆房	二十三年寿与康	壮志未酬身已死	愁眉难展鬓先苍,少年壮志青云路	今日豪情白发眉	寿比南山心不老	妆成北岭意相随,姜翁垂钓青云寿	崔颢题诗黄鹤眉	素女妆成天下白	男儿壮志未曾移,张郎射虎弯眉月	崔护题诗素面妆	壮志未酬何处去	丹心欲报寿无疆,吴王宫里旧妆房	壮志难酬泪两行	寿比西施终不改	眉如东子自能长,姜翁垂钓青云寿	壮志消磨白发生	眉上心头无限意	新妆一抹为谁明,张郎射虎弯眉月	祝福声中寿万年	素裹银妆迎贵客	胸怀壮志写婵娟,吴王宫里旧妆房	眉黛含春一抹香	可惜千金酬不寿	当时壮志付沧浪,少年壮志青云路	今日豪情白发眉	妆点江山添锦绣	寿逢盛世喜吟诗,姜翁垂钓青云寿	陶令归田白发妆	眉锁春愁谁解意	胸怀壮志我彷徨,张郎射虎弯眉月	崔护题诗素面妆	寿比南宫妃子笑	情怀壮志美人藏,少年壮志青云路	晚岁豪情白发寿	眉上心痕犹未改	镜中霜鬓已妆后,姜翁垂钓青云寿	壮志消磨白发生	妆罢倚栏无限意	颦眉何处再相逢
内敛寿眉,姜翁垂钓青云寿	崔颢题诗黄鹤眉	素女妆成天下白	娇娥舞罢雪中梅,寿体不随朝露尽	慈眉宁与暮云争	娇儿莫作寻常看	妆罢犹知别样情,张郎射虎弯眉月	崔护题诗素面妆	寿比南宫妃子笑	娇容妩媚胜春光,粉黛妆成白玉珠	春风吹送寿星图	娇容不与群芳比	倩影双眉入画乎,娇态不堪秋色染	寿颜只为夕阳红	新妆未改旧时面	眉上心痕一点通,寿体不随朝露尽	娇容犹带夕阳红	眉弯心上无穷意	妆点人间有限功,吴王宫里旧妆房	眉黛含春一抹香	可惜千金酬不寿	娇容犹自为君藏,娇态不堪秋色染	眉弯却似月轮移	可怜寿客频相问	一样新妆为嫁衣,姜翁垂钓青云寿	陶令归田白发妆	眉锁春愁谁解意	娇容一缕为君藏,眉黛远从秋水瘦	鬓霜偏向晓云妆	娇容不改胭脂色	寿面难移琥珀光,粉黛妆成白玉珠	娇容妩媚醉心湖	多情最是千秋寿	颦蹙眉弯入画图,娇态不堪秋色染	寿颜只为夕阳红	颦眉何必伤心处	妆镜难成白发翁,张郎射虎弯眉月	祝福声中寿万年	素裹银妆迎贵客	娇容妩媚醉花间,粉黛妆成白玉珠	眉颦浅笑似仙姝	娇容一抹胭脂色	倩影三分寿岳肤,娇态不堪秋色染	妆容只为夕阳红	颦眉何必伤心处	唯有相思与寿同,寿体不随朝露尽	新妆只为夕阳开	娇妍未必真颜色	颦蹙何堪眉黛裁,眉黛远从秋水瘦	脸红偏向晓风娇	妆成只为相思意	不与群芳比寿夭,粉黛妆成白玉珠	娇容妩媚醉心湖	眉颦浅笑含羞态	脸皱深纹寿画图,姜翁垂钓青云寿	崔颢题诗黄鹤眉	素女妆成天下白	娇娥舞罢雪中梅,眉黛远从秋水瘦	寿觞偏向夕阳红	娇容欲写相思句	妆镜难描白发翁
精明寿眉,精明出塞黄沙路	寿域开元第一功	眉上心头无限意	新妆未改旧时红,精明出塞黄沙路	寿域开元第一功	素女妆成天下白	颦眉笑对世间红,姜翁垂钓青云寿	崔颢题诗黄鹤眉	今日精明知我意	新妆淡抹总相宜,张郎射虎弯眉月	慧眼精明绝世功	素裹红妆皆有意	冰心一片寿无穷,吴王宫里旧妆房	一见精明便断肠	颦蹙眉弯双黛浅	病侵腰瘦五寿长,精明出塞黄沙路	宫女妆成玉树花	寿域不知何处去	一眉春雨落谁家,张郎射虎弯眉月	祝福声中寿万年	智慧精明真善美	新妆靓丽映桃园,吴王宫里旧妆房	二十三年寿与康	今日精明如电闪	当时颦蹙似眉长,精明出塞黄沙路	眉黛含春杨柳树	寿阳宫里旧知音	一样妆容为谁驻,姜翁垂钓青云寿	崔颢题诗黄鹤眉	素女妆成天下白	精明不改是男儿,张郎射虎弯眉月	崔护题诗素面妆	今日精明知有意	寿觞千古为谁狂,吴王宫里旧妆房	一见精明便断肠	不为寿亲添白发	只缘眉黛锁春光,姜翁垂钓青云寿	太乙精明白日晖	眉上心头无限意	新妆未改旧时衣,张郎射虎弯眉月	祝福声中寿万年	素裹银妆迎贵客	精明强健胜神仙,吴王宫里旧妆房	眉黛含春一抹香	可惜千金酬不寿	精明未到已先伤,精明出塞黄沙路	眉黛含春杨柳树	妆成不作相思语	只为君王添寿顾,姜翁垂钓青云寿	陶令归田白发妆	眉锁春愁谁解意	精明无语对斜阳,张郎射虎弯眉月	崔护题诗素面妆	寿比南宫妃子笑	精明几个属君王,精明出塞黄沙路	寿域开元第一功	眉上心头无限意	新妆未改旧时红,姜翁垂钓青云寿	太乙精明白日晖	我欲乘之卸妆去	不知何处锁双眉
老当寿眉,谁言岁月催人老	寿过千年万户寒	眉锁情怀何所似	新妆未改旧容颜,谁言岁月催人老	寿过千年万户寒	素裹银妆无意趣	颦眉何故泪潸然,君凭岁月添诗寿	我与青山共两眉	莫道相逢人已老	新妆未改旧时枝,双眉紧锁小轩窗	老眼昏花泪两行	玉面娇容妆未了	金樽美酒寿何长,春风吹起小桃妆	老柳新芽绿未黄	眉黛轻描双燕舞	唇红浅酌寿翁尝,谁言岁月催人老	我道春光照镜妆	寿比南山枫叶美	眉如北岭菊花黄,君凭岁月开眉鬓	我与青山共寿年	莫道相逢人已老	新妆未改旧时颜,红妆淡抹映朝霞	寿比南山与北涯	老去情怀何所似	颦眉一笑若桃花,谁言岁月催人老	眉上心痕犹未消	寿相年华何处觅	银妆素裹自逍遥,姜翁垂钓青云寿	崔颢题诗黄鹤眉	素女妆成天下白	老夫聊作少年时,双眉紧锁小轩窗	对镜梳妆鬓染霜	老去不知身是客	寿来只为梦中乡,红妆淡抹映朝霞	绿鬓朱颜老岁华	寿比南山枫叶美	眉如北斗雪霜加,君凭岁月添诗寿	我与春风共老颜	眉锁相思何处寄	新妆一抹到窗前,张郎射虎弯眉月	李白登龙献寿杯	素女妆成云髻小	红颜老去雪衣肥,吴王宫里旧妆房	眉黛含春一抹香	可惜千金酬不寿	只今惟有老鸳鸯,十年风雨书中老	两鬓霜华镜里眉	妆罢倚栏无限意	与君同寿且相宜,姜翁垂钓青云寿	陶令归田白发妆	眉锁春愁谁解意	情牵故土老红装,张郎射虎弯眉月	崔护题诗素面妆	寿比南宫妃子笑	老来犹忆少年狂,谁言岁月催人老	寿过千年万户寒	眉锁情怀何所似	新妆未改旧容颜,君凭岁月添诗寿	我与春风共老颜	素裹红妆无意趣	颦眉何处可登天
益壮寿眉,红颜易老千秋事	壮志难酬一寸丹	寿比南山无限意	眉如西子几分寒,经纶夜授神仙益	钟鼎晨炊壮士歌	颦眉自古多才俊	寿比南山莫蹉跎,丹心不改千秋壮	碧血能容万寿长	益友良师今尚在	颦眉何必泪沾裳,欲与诸公献寿杯	相逢何必益伤怀	眉间心上无穷意	且把诗书壮我侪,颦眉自古多才俊	益智从来少劣顽	寿比南山松不老	一声长啸壮乡关,经纶夜授神仙益	眉黛晨开气象新	我欲壮图酬盛世	不知何日寿斯民,红颜永驻千秋寿	壮志难酬百姓贫	此去经年何所益	颦眉笑对世间人,金钗翠翘双眉敞	绿鬓朱唇两颊壮	良宵美景益相宜	寿比南宫妃子笑,红颜易老千秋事	寿酒难添一段痴	壮志未酬何处去	今宵对月两凝眉,少年壮气今犹在	寿域高歌唱未央	喜看眉开千点绿	神州万里益辉煌,欲与诸公献寿杯	不知今日为谁眉	相逢一笑情何益	酒壮诗狂我亦痴,金钗翠翘双眉敞	玉指朱唇两靥益	少年壮气凌云志	寿比南山不老松,丹心不改千秋壮	碧血难消百益长	寿比南山应更好	眉开北斗岂能量,金丸夜叩神仙寿	银汉朝回壮士功	眉锁春光无限意	心牵家国益多忡,金钗翠翘双眉敞	寿酒红唇两靥开	壮我豪情三万丈	春风有意益相陪,但得清名归益府	何劳白发寿诸侯	颦眉自是多情种	壮志相酬未肯休,少年壮气今犹在	白发苍颜两鬓皤	寿比南山知我意	诗如北斗益蹉跎,金丸夜叩神仙寿	眉黛晨开佛祖颜	壮志难酬何处去	千秋万古益斑斓,红颜易老千秋事	壮志难酬一寸丹	寿比南山无限意	眉如西子几分寒,少年壮气今犹在	白发苍颜益自伤	对镜凝眉思旧事	登楼举酒寿新阳
聪颖白牡丹,桃红柳绿江南白	不与牡丹争艳来	花好月圆今日意	春光占尽我先开,桃红柳绿江南白	不与牡丹争艳来	莫道春归无觅处	花前月下几徘徊,牡丹芍药杨柳绿	燕舞莺啼花正怒	白墙红瓦小村庄	春去冬来无觅处,芍药丛里花不开	蔷薇枝头叶已白	春去冬来无觅处	牡丹犹似当年梅,春风吹香桃李开	白墙红瓦小楼台	花前月下一杯酒	不及洛阳牡丹来,桃红柳绿江南白	燕舞莺啼塞北春	不与牡丹争富贵	花前月下醉晨昏,芍药丛里花不开	牡丹亭前月徘徊	白墙青瓦红烛泪	春去冬来无处埋,春风吹香桃李开	牡丹芍药都不来	青山绿水白如雪	当时花下今日梅,桃红柳绿江南白	燕舞莺啼陌上花	不与牡丹争富贵	春来何处是侬家,牡丹芍药杨柳绿	燕舞莺啼花正怒	不知春去几时还	只见白云无处驻,芍药丛里花不开	春来无处觅芳菲	东风吹过白云去	牡丹零落香满衣,春风吹香桃李开	白墙红瓦小楼台	牡丹芍药无踪迹	不及花前一醉来,牡丹芍药杨柳绿	月白风清芙蓉香	不知花落何处去	只为春留一片芳,芍药丛里花不开	牡丹亭前月徘徊	春去秋来无觅处	唯有白菊待君栽,春风吹香桃李开	花前月下重徘徊	牡丹芍药次第落	黄金白玉随手栽,桃红柳绿江南白	燕舞莺啼陌上花	欲问春归何处去	牡丹城外落谁家,牡丹芍药杨柳绿	燕舞莺啼春正浓	花好月圆人尽望	青山白水共从容,芍药丛里花不开	春来无处觅芳菲	牡丹未必真国色	一朵白云自在飞,桃红柳绿江南白	不与牡丹争艳来	花好月圆今日意	春光占尽我先开, 
潇洒白牡丹,琴棋书画潇洒意	青灯黄卷白头翁	芍药牡丹真富贵	花前月下几人同,清晨潇洒下瑶台	疑是嫦娥玉镜白	不与凡花争美色	却随仙草牡丹开,琴棋书画逍遥白	桃李园林牡丹红	潇洒人生何处去	花明柳暗又春风,牡丹芍药满江南	潇洒风流谁与谈	不是花中仙子骨	此心只为白头参,花前月下几回看	潇洒人间一线天	不与牡丹争富贵	只同白雪共婵娟,清晨潇洒下瑶台	玉树琼花次第开	疑是嫦娥白练舞	嫣然一笑牡丹来,姚黄魏紫丹青色	不与群芳斗白红	潇洒风流谁解语	花前月下几回逢,酴花底蔷薇架	芍药墙头蝴蝶白	不知潇洒在何处	只见牡丹开盛时,琴棋书画潇洒意	芍药牡丹烂漫情	月白风清云雾散	花明柳暗草虫鸣,春风吹彻白云天	万紫千红看牡丹	花气袭人香满袖	柳烟飘处雨潇洒,牡丹芍药满江南	四月花开遍地妍	潇洒人间何处觅	风吹白絮舞翩跹,酴花底蔷薇架	潇洒人间竹外村	一朵白云何处去	不知谁是牡丹魂,琴棋书画逍遥白	潇洒人生自在闲	不与牡丹争富贵	花前月下醉酡颜,牡丹芍药满江南	月白风清谁与谈	不是花神偏爱雪	只缘潇洒在人间,花前月下几回看	不及当时一牡丹	鬓白只因颜色改	眼红潇洒泪痕干,春风潇洒过江南	万紫千红似牡丹	不与桃花争颜色	只随白絮舞青衫,春风吹彻白云天	花落人间又一年	不与牡丹争富贵	只随潇洒到神仙,牡丹芍药满江南	四月花开遍地妍	莫道春光无觅处	风流潇洒赛神仙,琴棋书画潇洒意	青灯黄卷白头翁	芍药牡丹真富贵	花前月下几人同,江头老人白如雪	一生潇洒何由得	花前月下谁与语	牡丹芍药随流水
天真白牡丹,天真烂漫紫荆山	万顷波涛白浪翻	不与牡丹争富贵	花前月下醉红颜,我自逍遥任天真	爱恨情仇付白云	风花雪月皆是梦	牡丹芍药谁人心,春风吹到白云端	万紫千红一牡丹	不是天真颜色好	花前月下几回看,牡丹芍药满江南	一睹天真烂漫山	不是花中仙子骨	何来月下白云端,花前月下几回看	梦里天真一线牵	不与牡丹争富贵	只缘身在白云边,我自逍遥任天真	花前月下醉红尘	风吹白鬓随流水	雨打牡丹伴暮云,牡丹芍药满江南	月白风清谁与谈	不是天真颜色好	只缘花落在人间,七子风流花落去	三生石上白头翁	天真烂漫何须问	人在牡丹第几重,天真烂漫紫荆山	不与群芳斗牡丹	一朵白云三万里	花前月下几回看,春风吹到白云端	万紫千红一牡丹	花落不知何处去	天真烂漫满人间,牡丹芍药满江南	四月花开遍地妍	不是天真颜色好	春风吹到白头边,七子风流花落去	天真烂漫几时休	白衣苍狗今何在	唯有牡丹独自留,春风吹到白云端	疑是天真梦里看	不与牡丹争富贵	只将花信报平安,牡丹芍药满江南	月白风清谁与谈	不是花神偏爱雪	天真烂漫也无边,花前月下几回看	不及当时一牡丹	鬓白只因颜色改	天真岂为子孙欢,天真烂漫紫荆山	不与群芳斗牡丹	四季花开添锦绣	千年雪覆化白烟,春风吹到白云端	花落人间几度寒	不与牡丹争富贵	天真烂漫独凭栏,牡丹芍药满江南	四月花开遍地妍	莫道春光无觅处	天真烂漫醉心田,天真烂漫紫荆山	万顷波涛白浪翻	不与牡丹争富贵	花前月下醉红颜,三径风流描素白	九霄云雨洗天真	花前月下知君意	不与牡丹争富贫
娇美白牡丹,娇容不与世争强	只为牡丹独自芳	花好月圆谁有意	春来夏去我无伤,娇容不与世争强	只为牡丹独自芳	待到春来无觅处	花魂依旧满城香,牡丹芍药满庭芳	不与花神争宠光	娇颜妩媚迎风舞	春去秋来别样香,花前月下几彷徨	娇影婆娑泪两行	春去秋来无觅处	牡丹芍药又何妨,春来冬去雪飞扬	百媚千娇韵味长	我欲乘风花一朵	不知谁是牡丹王,娇容不与世争强	春去秋来岁月长	莫道牡丹无国色	一花独放满庭芳,花前月下几彷徨	不与牡丹争短长	今日娇容成陌路	春来何处可留香,春来冬去雪飞扬	万紫千红牡丹香	娇容妩媚迎风笑	花落人间几度伤,娇容不与世争强	玉树临风花自芳	芍药牡丹皆富贵	春来独占一枝香,牡丹芍药满庭芳	不与花神争宠光	莫道春来无觅处	娇容一朵为谁忙,花前月下几彷徨	春去秋来又何妨	娇颜不改凌霜志	牡丹丛中一缕香,春来冬去雪飞扬	百媚千娇韵味长	不与牡丹争富贵	却随桃李斗花王,牡丹芍药满庭芳	百媚千娇韵味长	不与桃花争宠爱	只求春信报吉祥,花前月下几彷徨	不与牡丹争短长	春去秋来皆寂寞	娇容一朵为谁狂,春来冬去雪飞扬	花落人间几断肠	不与牡丹争富贵	只求百姓斗娇妆,娇容不与世争强	玉树临风花自芳	春夏秋冬皆有意	牡丹芍药满园香,牡丹芍药满庭芳	姹紫嫣红春正长	不与桃花争颜色	娇容妩媚醉斜阳,花前月下几彷徨	春去秋来又何妨	不与牡丹争富贵	只为娇容一缕香,娇容不与世争强	只为牡丹独自芳	花好月圆谁有意	春来夏去我无伤,牡丹芍药满庭芳	百媚千娇韵味长	莫道春来无觅处	花前月下几彷徨
艳丽乌龙, , , , , , , , , , , , , , , , , , , , 
沉稳乌龙,乌龙摆尾三尺剑	白虎当头一盏茶	世味酸甜何足道	人情冷暖品桑麻,乌龙摆尾闹天庭	淡饭粗茶伴晓星	品尽人间千古事	酸甜苦辣味香馨,晨钟暮鼓伴饭茶	苦辣酸甜味自嘉	乌龙摆尾迎风笑	慢品香茗话桑麻,一壶老酒味蹉跎	醉卧乌龙意若何	品尽酸甜兼苦辣	茶余饭后更消磨,闲来品茗话蹉跎	醉卧乌龙意若何	世味酸甜尝不尽	粗茶淡饭自消磨,乌龙摆尾闹天庭	玉树琼花品自馨	煮酒烹茶邀李杜	酸甜苦辣味香醇,世味人情薄似纱	相逢一笑便如茶	乌龙寺里寻香去	品茗亭前赏落花,三分月色凭栏品	半盏茶香对影尝	欲问乌龙何处去	诗情画意味悠长,乌龙摆尾三尺剑	绿蚁新醅五味香	一碗粗茶酬岁月	几杯浊酒品沧桑,茶余饭后话蹉跎	苦辣酸甜味几何	品尽人间千古事	乌龙摆尾闹阎罗,一壶老酒味蹉跎	品尽酸甜苦辣多	欲问乌龙何处去	粗茶淡饭润心窝,三分月色凭栏品	几点乌龙伴客眠	煮酒烹茶邀旧友	诗情画意味长鲜,晨钟暮鼓伴饭茶	乌龙摆尾走天涯	不知何处寻香味	品茗饮酒赏菊花,一壶老酒味蹉跎	半盏粗茶对月酌	品尽酸甜苦辣咸	乌龙摆尾闹清波,闲来品茗话蹉跎	苦辣酸甜味几何	半盏粗茶聊自慰	乌龙摆尾笑声多,乌龙摆尾大风歌	百味人生苦辣磨	品尽酸甜皆入口	茶余饭后话蹉跎,茶余饭后话蹉跎	品尽酸甜苦辣多	世味人情知冷暖	乌龙寺里诵经歌,一壶老酒味蹉跎	品尽酸甜苦辣多	粗茶淡饭三餐饱	乌龙白发两首歌,乌龙摆尾三尺剑	白虎当头一盏茶	世味酸甜何足道	人情冷暖品桑麻,半壶茶韵凭栏望	一抹乌龙伴月眠	品尽酸甜皆入口	此中滋味几人知
和蔼乌龙,乌龙摆尾三尺剑	白虎当头一盏茶	世味酸甜何足道	人情冷暖品桑麻,乌龙摆尾闹天庭	淡饭粗茶伴晓星	品尽人间千古事	酸甜苦辣味香馨,晨钟暮鼓伴饭茶	苦辣酸甜味自嘉	乌龙摆尾迎风笑	慢品香茗话桑麻,一壶老酒味蹉跎	醉卧乌龙意若何	品尽酸甜兼苦辣	茶余饭后更消磨,闲来品茗话蹉跎	醉卧乌龙意若何	世味酸甜尝不尽	粗茶淡饭自消磨,乌龙摆尾闹天庭	玉树琼花品自馨	煮酒烹茶邀李杜	酸甜苦辣味香醇,世味人情薄似纱	相逢一笑便如茶	乌龙寺里寻香去	品茗亭前赏落花,三分月色凭栏品	半盏茶香对影尝	欲问乌龙何处去	诗情画意味悠长,乌龙摆尾三尺剑	绿蚁新醅五味香	一碗粗茶酬岁月	几杯浊酒品沧桑,茶余饭后话蹉跎	苦辣酸甜味几何	品尽人间千古事	乌龙摆尾闹阎罗,一壶老酒味蹉跎	品尽酸甜苦辣多	欲问乌龙何处去	粗茶淡饭润心窝,三分月色凭栏品	几点乌龙伴客眠	煮酒烹茶邀旧友	诗情画意味长鲜,晨钟暮鼓伴饭茶	乌龙摆尾走天涯	不知何处寻香味	品茗饮酒赏菊花,一壶老酒味蹉跎	半盏粗茶对月酌	品尽酸甜苦辣咸	乌龙摆尾闹清波,闲来品茗话蹉跎	苦辣酸甜味几何	半盏粗茶聊自慰	乌龙摆尾笑声多,乌龙摆尾大风歌	百味人生苦辣磨	品尽酸甜皆入口	茶余饭后话蹉跎,茶余饭后话蹉跎	品尽酸甜苦辣多	世味人情知冷暖	乌龙寺里诵经歌,一壶老酒味蹉跎	品尽酸甜苦辣多	粗茶淡饭三餐饱	乌龙白发两首歌,乌龙摆尾三尺剑	白虎当头一盏茶	世味酸甜何足道	人情冷暖品桑麻,半壶茶韵凭栏望	一抹乌龙伴月眠	品尽酸甜皆入口	此中滋味几人知
开朗乌龙,桃花开朗柳丝斜	碧水乌龙戏彩霞	欲问茶香何处有	清风一缕味无涯,桃花开朗柳丝斜	碧水乌龙戏彩霞	五谷丰登无俗味	三餐淡泊有粗茶,乌龙摆尾三尺剑	白虎当头一盏茶	开朗乾坤无限意	酸甜苦辣味之差,晨钟暮鼓伴饭茶	云开朗日雾轻纱	清风一缕千般味	化作乌龙入万家,世味人情薄似纱	今宵开朗更无涯	一壶老酒茶烟起	半卷乌龙看落花,桃花开朗柳丝斜	一路风光五味加	欲问乌龙何处去	山坡遍地绿如茶,晨钟暮鼓伴饭茶	乌龙摆尾走天涯	云开朗日星光灿	雨洗风尘世味嘉,世味人情薄似纱	乌龙摆尾欲还家	云开朗日春光好	雨洗清风燕子茶,桃花开朗柳丝斜	绿水青山一盏茶	欲问乌龙何处去	春风有意味桑麻,乌龙摆尾三尺剑	白虎当头一盏茶	世味酸甜何足道	人间开朗岂须嗟,晨钟暮鼓伴饭茶	苦辣酸甜味自嘉	开朗乾坤新气象	乌龙摆尾走天涯,世味人情薄似纱	今宵开朗更无涯	乌龙摆尾迎风笑	绿蚁新醅待客茶,乌龙摆尾三尺剑	开朗乾坤一轮月	粗茶淡饭两相宜	酸甜苦辣皆有味,晨钟暮鼓伴饭茶	乌龙摆尾走天涯	不知何处寻香味	开朗乾坤是我家,世味人情薄似纱	相逢一笑便如茶	乌龙寺里寻香去	开朗门前踏落花,桃花开朗柳丝斜	绿水青山一盏茶	世味酸甜尝不尽	乌龙摆尾到天涯,乌龙摆尾三尺剑	绿蚁新醅五味香	一碗粗茶酬岁月	半壶开朗话沧桑,晨钟暮鼓伴饭茶	苦辣酸甜味自嘉	乌龙摆尾迎风笑	开朗乾坤万物华,桃花开朗柳丝斜	碧水乌龙戏彩霞	欲问茶香何处有	清风一缕味无涯,乌龙摆尾三尺剑	开朗乾坤一轮月	世味人情不可量	粗茶淡饭随年阅
无邪水仙,水仙何处是吾家	一径香风到海涯	花落不知人去后	春来犹爱鸟飞斜,水仙何处是吾家	一径香风到海涯	春去不知人在否	落花飞过小桃花,东风吹散满天香	花落人间几度伤	如水仙姿何处觅	春来我自吐芬芳,东风无意惹桃花	疑是水仙到我家	欲问春归何处去	香飘万里满天涯,春来气象犹开口	雨后云霞似水仙	我欲乘之花下去	香风吹过小楼前,水仙何处是吾家	春到江南别有涯	一径香风吹不去	满城花雨落梨花,东风无意惹桃花	一缕香魂入万家	疑是水仙施粉黛	春来何处觅芳华,春来气象犹开口	雪后香尘已满头	欲问水仙何处住	不知花落几时休,水仙何处是吾家	今夜无人月似花	一缕香魂随落叶	春风吹到旧篱笆,东风吹散满天香	花落人间几度伤	又是一年春好处	水仙无语立斜阳,东风无意惹桃花	春到江南遍地发	如水仙姿何处觅	香魂一缕入谁家,春来气象犹开口	雨后云霞似水仙	一缕香魂何处觅	花前月下几回圆,东风吹散满天香	疑是水仙描画妆	花气袭人轻若梦	春来何处不芬芳,东风无意惹桃花	一缕香魂入万家	欲问春归何处去	水仙如酒醉芳华,春来气象犹开口	雪去风花已满头	莫道香消无觅处	水仙应是解人愁,水仙何处是吾家	今夜无人月似花	春在枝头犹未醒	香风吹到小篱笆,东风吹散满天香	春到人间草木芳	花落不知何处去	水仙犹自舞霓裳,东风无意惹桃花	春到江南遍地发	一缕香魂何处觅	水仙含笑映红霞,水仙何处是吾家	一径香风到海涯	花落不知人去后	春来犹爱鸟飞斜,东风吹散满天香	疑是水仙描画妆	一片春心何处寄	花前月下诉衷肠
灿漫水仙,灿若桃花映彩霞	轻风漫舞柳丝斜	水仙含笑迎宾客	一缕香魂入万家,灿若桃花映彩霞	轻风漫舞柳丝斜	香飘四野歌声醉	疑是江南水仙家,漫倚栏杆赏落花	水仙何处是吾家	一轮明月秋光灿	几缕香风桂子斜,疑是水仙描素纱	灿如金蕊映朝霞	香魂一缕随风去	漫洒清辉遍地花,玉露金风桂子香	秋高气爽灿霞光	水仙含笑迎佳客	漫舞轻歌醉晚阳,灿若桃花映彩霞	香风一缕入谁家	漫山遍野芳菲醉	疑是水仙降世涯,疑是水仙描素纱	晨风漫舞白云霞	娇容一抹胭脂灿	香透千山万点花,玉露金风桂子香	清辉漫洒到家乡	天高气爽秋光灿	疑是水仙夜未央,灿若桃花映彩霞	水仙含笑醉娇娃	轻歌曼舞云纱漫	疑是香来梦里夸,漫倚栏杆赏落花	水仙何处是吾家	香风熏得游人醉	一抹斜阳灿晚霞,疑是水仙描素纱	香风吹过小桃花	一轮红日霞光灿	漫洒清辉到我家,玉露金风桂子香	秋高气爽灿霞光	漫山遍野菊花艳	似水仙姿韵味长,漫倚栏杆赏落花	春光灿烂满天涯	水仙一抹胭脂气	风送残香到我家,疑是水仙描素纱	晨风漫舞白云霞	香飘万里无人问	花灿千层有谁怜,玉露金风桂子香	水仙飞舞柳丝长	荷花漫卷秋波起	一片相思灿夕阳,灿若桃花映彩霞	水仙含笑醉娇娃	香魂一缕随风去	漫洒清辉到我家,漫倚栏杆赏落花	香风吹入小诗家	水仙不解人间意	一朵奇葩灿若霞,疑是水仙描素纱	香风吹过小桃花	漫山遍野芳菲醉	灿若丹霞映日斜,灿若桃花映彩霞	轻风漫舞柳丝斜	水仙含笑迎宾客	一缕香魂入万家,漫倚栏杆赏落花	春光灿烂满天涯	香风熏得人陶醉	疑是桃源水仙家
希望水仙,水仙何处是吾家	一径香风到海涯	花落不知人去后	春来犹爱鸟飞斜,水仙何处是吾家	一径香风到海涯	春去不知人在否	落花飞过小桃花,东风吹散满天香	花落人间几度伤	如水仙姿何处觅	春来我自吐芬芳,东风无意惹桃花	疑是水仙到我家	欲问春归何处去	香飘万里满天涯,春来气象犹开口	雨后云霞似水仙	我欲乘之花下去	香风吹过小楼前,水仙何处是吾家	春到江南别有涯	一径香风吹不去	满城花雨落梨花,东风无意惹桃花	一缕香魂入万家	疑是水仙施粉黛	春来何处觅芳华,春来气象犹开口	雪后香尘已满头	欲问水仙何处住	不知花落几时休,水仙何处是吾家	今夜无人月似花	一缕香魂随落叶	春风吹到旧篱笆,东风吹散满天香	花落人间几度伤	又是一年春好处	水仙无语立斜阳,东风无意惹桃花	春到江南遍地发	如水仙姿何处觅	香魂一缕入谁家,春来气象犹开口	雨后云霞似水仙	一缕香魂何处觅	花前月下几回圆,东风吹散满天香	疑是水仙描画妆	花气袭人轻若梦	春来何处不芬芳,东风无意惹桃花	一缕香魂入万家	欲问春归何处去	水仙如酒醉芳华,春来气象犹开口	雪去风花已满头	莫道香消无觅处	水仙应是解人愁,水仙何处是吾家	今夜无人月似花	春在枝头犹未醒	香风吹到小篱笆,东风吹散满天香	春到人间草木芳	花落不知何处去	水仙犹自舞霓裳,东风无意惹桃花	春到江南遍地发	一缕香魂何处觅	水仙含笑映红霞,水仙何处是吾家	一径香风到海涯	花落不知人去后	春来犹爱鸟飞斜,东风吹散满天香	疑是水仙描画妆	一片春心何处寄	花前月下诉衷肠
自在水仙,自在逍遥快意游	水仙何处不风流	香飘四野歌声醉	花落千山鸟语稠,自在逍遥快意游	水仙何处不风流	花前月下三杯酒	醉里香来一叶舟,疑是水仙画里游	香风吹过小桥头	春光自在无心赏	花落人间几个秋,香草一池添雅趣	清风两袖自在吟	花前月下知君意	不是水仙也动心,花气袭人风满楼	春光自在柳梢头	香飘四野无寻处	疑是水仙来逗留,自在逍遥快意游	花前月下最风流	水仙不是凡间物	一缕香魂到白头,香草一池添雅趣	水仙三径伴清幽	悠然自在逍遥处	花落人间几度秋,花气袭人风满楼	水仙轻舞月如钩	今宵自在逍遥乐	一缕香魂到白头,自在逍遥快意游	轻香一缕为君留	水仙不解凡尘事	花落人间几度秋,杯中月浸水仙凉	袖里乾坤万古香	花落不知何处去	悠然自在倚斜阳,香草一池添雅趣	清风两袖伴花眠	闲来自在逍遥处	不恋凡尘羡水仙,花气袭人风满楼	春光自在柳梢头	水仙不解相思意	一缕香魂伴晚秋,疑是水仙画里游	清波自在荡轻舟	香风扑面人如醉	花影摇衣月似勾,杯中月浸红莲香	水仙醉倒白云乡	花前酒后不可量	自在人间几沧桑,花前月下佳人影	酒后诗中墨客香	莫道水仙情意少	逍遥自在好风光,自在逍遥快意游	轻香一缕为君留	花前月下寻芳影	柳岸水仙共白头,杯中月浸水仙凉	花落无声夜未央	一缕香魂何处去	人间自在有红妆,杯中月浸红莲香	窗外风吹花正芳	水仙不解人间意	自在逍遥莫相忘,自在逍遥快意游	水仙何处不风流	香飘四野歌声醉	花落千山鸟语稠,疑是水仙画里游	清波自在荡轻舟	花红柳绿风光好	一缕香魂入小楼
热情水仙,杯中月浸热情凉	疑是水仙夜未央	玉露金风香桂馥	花团锦簇沁芬芳,杯中月浸热情凉	疑是水仙夜未央	欲问花魂何处去	轻风吹送满园香,杯中月浸水仙凉	袖里乾坤万古香	酒热情浓何处觅	花明柳暗此间藏,杯中月浸红莲香	酒后热情夜未央	醉里不知花落处	水仙依旧是吾乡,花前月下佳人影	酒后诗中雅热情	一缕香魂何处去	水仙伴我踏歌行,杯中月浸热情凉	花下风流旧梦长	欲问水仙何处去	今宵一醉为谁香,杯中月浸红莲香	水仙醉倒白云乡	热情不觉人间世	只为花前一段肠,花前月下佳人影	酒后诗中妙水仙	莫道热情无处觅	香烟缭绕意阑珊,杯中月浸热情凉	案上书笺墨染香	欲问水仙何处去	花前醉卧几回肠,杯中月浸水仙凉	袖里乾坤万古香	花落不知何处去	热情一片入诗囊,杯中月浸红莲香	窗外风吹花正芳	酒热情浓人欲醉	水仙一饮入愁肠,花前月下佳人影	酒后诗中雅热情	欲问水仙何处去	香风吹过小桥东,杯中月浸水仙凉	酒热情浓夜未央	玉露金风香桂馥	花飞叶舞满庭芳,杯中月浸红莲香	水仙醉倒白云乡	花前酒后不可量	只有热情何处藏,花前月下佳人影	酒后诗中墨客香	若是水仙能解意	热情何必泪成行,杯中月浸热情凉	案上书笺墨染香	花落不知身是客	水仙依旧醉荷塘,杯中月浸水仙凉	花落无声夜未央	一缕香魂何处去	满腔热血为谁狂,杯中月浸红莲香	窗外风吹花正芳	水仙不解人间意	酒热情浓夜未央,杯中月浸热情凉	疑是水仙夜未央	玉露金风香桂馥	花团锦簇沁芬芳,杯中月浸水仙凉	酒热情浓夜未央	醉里不知花落去	轻风吹散满庭香
威武黄金桂,一生威武不能名	铁骨黄金血染成	桂子香飘千载后	西风吹落月华明,一生威武不能名	铁骨黄金血染成	七十年来家国月	三千里外桂香清,且看黄金流苏子	更有桂香飘万家	威武之师何处去	一轮月照满地花,桂子飘香菊又肥	神州威武尽芳菲	一轮皓月当空照	万里黄金满地晖,月落乌啼霜满城	江南威武旧时名	吴宫桂子今何在	不见黄金台上卿,威武雄文传万古	风云际会月难圆	黄金铸就千秋业	碧血凝成一桂冠,桂子飘香落叶飞	黄金满地不思归	当年威武今何在	对月临风叹式微,山色空蒙月半悬	黄金台上起风烟	当时威武今何在	惟有吴宫桂子眠,威武当年事已违	吴宫桂子几时归	黄金台上人何在	白玉堂前月正晖,且看黄金流苏子	更有桂香飘万家	今夜月明何处宿	嫦娥威武在天涯,桂子飘香菊又肥	天高云淡月光微	神州大地皆威武	遍插黄金头上飞,月落乌啼霜满城	江南威武旧时名	黄金散尽人何在	惟有西风送桂声,黄金台上拜公卿	威武堂前旧姓名	桂子不知何处去	西风吹落月华明,桂子飘香落叶飞	黄金满地不思归	今宵又是团圆月	威武嫦娥泪雨霏,又是一年圆月时	桂香万里寄相思	黄金台上人潮涌	威武门前虎踞狮,威武之师孰敢违	中原逐鹿伐桂肥	江东子弟八千月	塞北黄金几万回,满地黄金不值钱	一轮朗月照无眠	风吹桂子香飘远	虎跃龙门威武前,桂子飘香菊又肥	天高云淡月光微	黄金散尽人归去	威武堂前看落晖,一生威武不能名	铁骨黄金血染成	桂子香飘千载后	西风吹落月华明,黄金台上拜公卿	威武堂前旧姓名	一曲霓裳歌舞月	十年宫殿桂香清
智慧黄金桂,大展宏图开智慧	黄金白璧耀乾坤	千秋桂子香飘远	万里江天月洗尘,大展宏图开智慧	黄金白璧耀乾坤	千秋伟业今朝月	桂子香飘万户门,且看黄金流苏子	更有桂香飘万家	智慧灵犀通天地	一轮皓月映桃花,桂子飘香菊正芳	天高智慧好风光	一轮皓月千秋照	满地黄金万里霜,似月忠贞酬壮志	如云智慧写风流	吴宫桂子今何在	不见黄金百姓楼,似水柔情施智慧	如烟往事月中藏	黄金散尽终归土	桂子飘香又满堂,桂子飘香落叶飞	黄金满地不思归	心中智慧千般好	月里嫦娥一线晖,山色空蒙月半悬	黄金台上起风烟	千秋智慧今何在	桂子香飘五十年,智慧神奇天地藏	风清气爽桂飘香	黄金台上歌声起	白玉杯中月色凉,且看黄金流苏子	更有桂香飘万家	今夜月明何处宿	一轮智慧满天涯,桂子飘香菊又肥	天高云淡月光微	心中智慧千般好	眼底黄金万种辉,似月忠贞酬壮志	如云智慧写风流	黄金铸就千秋业	桂子飘香万古愁,万里黄金遍地栽	千秋智慧筑高台	三分桂子香犹在	一片丹心月自来,桂子飘香落叶飞	黄金满地不思归	今宵又是团圆月	智慧庄周梦里回,又是一年圆月时	桂香万里寄相思	黄金台上人潮涌	智慧园中花木枝,智慧神奇天地藏	风清气爽桂飘香	一轮皓月千秋照	两岸黄金万古芳,满地黄金不值钱	一轮朗月照无眠	风吹桂子香飘远	雨打芭蕉智慧妍,桂子飘香菊又肥	天高云淡月光微	黄金散尽人归去	智慧功成梦未违,大展宏图开智慧	黄金白璧耀乾坤	千秋桂子香飘远	万里江天月洗尘,万里黄金遍地栽	千秋智慧筑高台	清风朗月随心意	桂影婆娑伴我来
英俊黄金桂,自有高风继英俊	岂无厚德报黄金	他年我若攀蟾桂	今夜谁知对月心,英俊千年别样天	黄金台上拜神仙	清风朗月知吾意	桂子飘香醉酒筵,且看黄金流苏子	更有桂香飘万家	莫道英俊无处觅	一轮明月照天涯,当时摘桂椒犹在	此日登英俊未酬	今夜月明何处宿	黄金台上望乡楼,月殿嫦娥迎贵客	云宫英俊送娇娃	吴刚伐桂添薪火	玉兔捣药黄金甲,国粹弘扬英俊芳	风云际会月辉煌	黄金铸就千秋业	碧血凝成一桂香,桂子飘香落叶飞	黄金满地不思归	江南美景多英俊	塞北天涯几月辉,山色空蒙月半悬	黄金台上起风烟	当时英俊今何在	惟有吴宫桂子眠,前年问鼎梅英俊	今日登台桂子香	且看黄金三百万	风清月朗好时光,且看黄金流苏子	更有桂香飘万家	今夜月明何处宿	江南英俊美如花,桂子飘香菊又肥	天高云淡月光微	千年英俊今何在	万里黄金我是谁,月殿嫦娥迎贵客	云宫英俊送娇娃	黄金台上歌声起	桂子飘香到我家,且看黄金流苏子	更有英俊出曹公	吴宫桂魄今何在	月落乌啼霜满空,桂子飘香落叶飞	黄金满地不思归	今宵又是团圆月	英俊何时入翠微,又是一年圆月时	桂香万里寄相思	黄金台上人潮涌	英俊园中花木枝,前年问鼎梅英俊	今日登台桂子香	月落乌啼霜染鬓	黄金铸就意昂扬,满地黄金不值钱	一轮朗月照无眠	风吹桂子香飘远	雨打芭蕉英俊妍,桂子飘香菊又肥	天高云淡月光微	黄金散尽人归去	英俊何时到落晖,自有高风继英俊	岂无厚德报黄金	他年我若攀蟾桂	今夜谁知对月心,满地黄金不值钱	江南英俊美婵娟	今宵月似人间好	桂子飘香别有天
柔和黄金桂,风送柔和人欲醉	黄金铺地绿如茵	不知桂子香何处	月在梢头最可亲,风送柔和人欲醉	黄金铺地绿如茵	一轮皓月当空照	万户千家桂子馨,叶落枝摇黄金坠	风轻云淡桂子香	柔和细语人未眠	对月独酌饮清凉,桂子飘香菊正肥	柔和清气入柴扉	一轮皓月当空照	满地黄金映日辉,月伴清辉夜幕垂	柔和细语意相随	嫦娥玉兔蟾宫桂	笑看黄金满地飞,风送柔和人欲醉	月移疏影树含烟	黄金甲子今何在	桂酒杯中不计年,桂子飘香菊正肥	黄金满地尽芳菲	柔和细雨轻风里	一片相思伴月归,月伴清辉夜幕垂	黄金甲胄两相随	柔和笑语频添酒	桂子飘香共举杯,风送柔和人欲醉	蟾宫桂子香盈袖	黄金台上一轮明	月落乌啼霜满地,叶落枝摇黄金坠	风轻云淡桂子香	一轮皓月悬空挂	两袖柔和满地霜,桂子飘香菊正肥	天高云淡月儿飞	柔和笑语频相问	我与黄金共举杯,月伴清辉夜幕垂	柔和细语意相随	黄金散尽人归去	桂子飘香落叶飞,叶落枝摇黄金坠	风吹雨打嫩柔和	秋来桂子飘香远	月去嫦娥伴梦多,桂子飘香菊正肥	黄金满地尽芳菲	今宵又是团圆月	一缕柔和入户扉,月伴清辉夜幕垂	风摇桂影落花随	黄金满地无人扫	碧草柔和绿叶肥,风送柔和人欲醉	蟾宫桂子香盈袖	一轮皓月映清辉	满地黄金铺锦绣,叶落枝摇黄金坠	风清月朗白云闲	吴宫桂子今何在	一曲柔和唱九天,桂子飘香菊正肥	天高云淡月儿飞	黄金散尽人归去	一缕柔和伴落晖,风送柔和人欲醉	黄金铺地绿如茵	不知桂子香何处	月在梢头最可亲,叶落枝摇黄金坠	风吹雨打嫩柔和	今宵月似相思苦	明日花开桂子香
温柔黄金桂,温柔乡里情意长	黄金台前话沧桑	秋风吹送桂花香	一轮明月照我窗,温柔乡里情意长	黄金台前话沧桑	今夜月圆人未眠	明朝桂子又芬芳,且看黄金流苏子	更有桂香飘万家	温柔乡里不思归	对月独酌赏落花,吴宫桂子久萧森	冷暖温柔不可寻	今夜月明何处宿	西风吹梦到黄金,云淡风轻朗月开	温柔乡里暗香来	嫦娥玉兔蟾宫桂	笑看黄金万户台,玉指温柔风雨去	冰心缱绻月星还	黄金铸就千秋赋	桂子飘香万古传,桂子飘香落叶飞	黄金满地不思归	温柔乡里无人问	一片清辉与月违,山色空蒙月半悬	黄金台上起风烟	温柔乡里人何在	桂子飘香又一年,温柔乡里有情人	桂子飘香又一春	满地黄金铺锦绣	半轮皓月照乾坤,且看黄金流苏子	更有桂香飘万家	今夜月明何处宿	温柔乡里到天涯,桂子飘香菊又肥	天高云淡月光微	温柔乡里人何在	冷暖黄金事已违,云淡风轻朗月开	温柔乡里暗香来	黄金散尽人归去	一缕清芬绕桂台,黄金台前话短长	温柔乡里不思量	桂子飘香菊又放	谁人与我共月光,桂子飘香落叶飞	黄金满地不思归	今宵又是团圆月	共饮温柔酒一杯,又是一年圆月时	桂香万里寄相思	黄金台上人潮涌	玉兔温柔不自持,温柔乡里有情人	桂子飘香又一春	对月吟诗添雅趣	临风把酒醉黄金,满地黄金不值钱	一轮朗月照无眠	风吹桂子香飘远	雨打温柔意更绵,桂子飘香菊又肥	天高云淡月光微	黄金散尽人归去	何处温柔不落晖,温柔乡里情意长	黄金台前话沧桑	秋风吹送桂花香	一轮明月照我窗,黄金台前话短长	温柔乡里不思量	今宵又是团圆月	万户千家桂子香
